"parentEventID","eventID","samplingProtocol","sampleSizeValue","sampleSizeUnit","samplingEffort","eventDate","year","month","day","institutionCode","eventTime","habitat","fieldNumber","type","institutionID","datasetName","datasetID","language","rightsHolder","references","locationID","higherGeography","continent","waterBody","country","countryCode","locality","minimumDepthInMeters","maximumDepthInMeters","decimalLatitude","decimalLongitude","geodeticDatum","georeferencedBy"
"CCCP:ERFEN:2023","CCCP:ERFEN:2023:SP-23-0430","Botella Niskin","1 L","L","113 muestras de un litro",2023-10-25,"2023","10","25","Dirección General Marítima (DIMAR)","18:37:00","Zona Pelágica","SP-23-0430","Event","830.027.904-1","Fitoplancton del Crucero Oceanográfico Cuenca Pacífica Colombiana LXIII / XXVI Crucero Regional Conjunto CPPS","cecoldo.iden_09ef25db-2917-44ae-b3eb-d2266f0fad3e","es","Dirección General Marítima (DIMAR)","https://cecoldo.dimar.mil.co/geonetwork/srv/spa/catalog.search#/metadata/09ef25db-2917-44ae-b3eb-d2266f0fad3e","http://marineregions.org/mrgid/21972","América | Sudamérica | Colombia | Región del Pacífico","América del Sur","Océano Pacífico","Colombia","CO","Cuenca Pacífica Colombiana","0",100,2,-79,"WGS84","Laura Carolina Ortiz Mieles "
"CCCP:ERFEN:2023","CCCP:ERFEN:2023:SP-23-0433","Botella Niskin","1 L","L","113 muestras de un litro",2023-10-25,"2023","10","25","Dirección General Marítima (DIMAR)","18:37:00","Zona Pelágica","SP-23-0433","Event","830.027.904-1","Fitoplancton del Crucero Oceanográfico Cuenca Pacífica Colombiana LXIII / XXVI Crucero Regional Conjunto CPPS","cecoldo.iden_09ef25db-2917-44ae-b3eb-d2266f0fad3e","es","Dirección General Marítima (DIMAR)","https://cecoldo.dimar.mil.co/geonetwork/srv/spa/catalog.search#/metadata/09ef25db-2917-44ae-b3eb-d2266f0fad3e","http://marineregions.org/mrgid/21972","América | Sudamérica | Colombia | Región del Pacífico","América del Sur","Océano Pacífico","Colombia","CO","Cuenca Pacífica Colombiana","0",20,2,-79,"WGS84","Laura Carolina Ortiz Mieles "
"CCCP:ERFEN:2023","CCCP:ERFEN:2023:SP-23-0434","Botella Niskin","1 L","L","113 muestras de un litro",2023-10-25,"2023","10","25","Dirección General Marítima (DIMAR)","18:37:00","Zona Pelágica","SP-23-0434","Event","830.027.904-1","Fitoplancton del Crucero Oceanográfico Cuenca Pacífica Colombiana LXIII / XXVI Crucero Regional Conjunto CPPS","cecoldo.iden_09ef25db-2917-44ae-b3eb-d2266f0fad3e","es","Dirección General Marítima (DIMAR)","https://cecoldo.dimar.mil.co/geonetwork/srv/spa/catalog.search#/metadata/09ef25db-2917-44ae-b3eb-d2266f0fad3e","http://marineregions.org/mrgid/21972","América | Sudamérica | Colombia | Región del Pacífico","América del Sur","Océano Pacífico","Colombia","CO","Cuenca Pacífica Colombiana","0",0,2,-79,"WGS84","Laura Carolina Ortiz Mieles "
"CCCP:ERFEN:2023","CCCP:ERFEN:2023:SP-23-0447","Botella Niskin","1 L","L","113 muestras de un litro",2023-10-26,"2023","10","26","Dirección General Marítima (DIMAR)","10:32:00","Zona Pelágica","SP-23-0447","Event","830.027.904-1","Fitoplancton del Crucero Oceanográfico Cuenca Pacífica Colombiana LXIII / XXVI Crucero Regional Conjunto CPPS","cecoldo.iden_09ef25db-2917-44ae-b3eb-d2266f0fad3e","es","Dirección General Marítima (DIMAR)","https://cecoldo.dimar.mil.co/geonetwork/srv/spa/catalog.search#/metadata/09ef25db-2917-44ae-b3eb-d2266f0fad3e","http://marineregions.org/mrgid/21972","América | Sudamérica | Colombia | Región del Pacífico","América del Sur","Océano Pacífico","Colombia","CO","Cuenca Pacífica Colombiana","0",100,2,-80,"WGS84","Laura Carolina Ortiz Mieles "
"CCCP:ERFEN:2023","CCCP:ERFEN:2023:SP-23-0450","Botella Niskin","1 L","L","113 muestras de un litro",2023-10-26,"2023","10","26","Dirección General Marítima (DIMAR)","10:32:00","Zona Pelágica","SP-23-0450","Event","830.027.904-1","Fitoplancton del Crucero Oceanográfico Cuenca Pacífica Colombiana LXIII / XXVI Crucero Regional Conjunto CPPS","cecoldo.iden_09ef25db-2917-44ae-b3eb-d2266f0fad3e","es","Dirección General Marítima (DIMAR)","https://cecoldo.dimar.mil.co/geonetwork/srv/spa/catalog.search#/metadata/09ef25db-2917-44ae-b3eb-d2266f0fad3e","http://marineregions.org/mrgid/21972","América | Sudamérica | Colombia | Región del Pacífico","América del Sur","Océano Pacífico","Colombia","CO","Cuenca Pacífica Colombiana","0",20,2,-80,"WGS84","Laura Carolina Ortiz Mieles "
"CCCP:ERFEN:2023","CCCP:ERFEN:2023:SP-23-0451","Botella Niskin","1 L","L","113 muestras de un litro",2023-10-26,"2023","10","26","Dirección General Marítima (DIMAR)","10:32:00","Zona Pelágica","SP-23-0451","Event","830.027.904-1","Fitoplancton del Crucero Oceanográfico Cuenca Pacífica Colombiana LXIII / XXVI Crucero Regional Conjunto CPPS","cecoldo.iden_09ef25db-2917-44ae-b3eb-d2266f0fad3e","es","Dirección General Marítima (DIMAR)","https://cecoldo.dimar.mil.co/geonetwork/srv/spa/catalog.search#/metadata/09ef25db-2917-44ae-b3eb-d2266f0fad3e","http://marineregions.org/mrgid/21972","América | Sudamérica | Colombia | Región del Pacífico","América del Sur","Océano Pacífico","Colombia","CO","Cuenca Pacífica Colombiana","0",0,2,-80,"WGS84","Laura Carolina Ortiz Mieles "
"CCCP:ERFEN:2023","CCCP:ERFEN:2023:SP-23-0456","Botella Niskin","1 L","L","113 muestras de un litro",2023-10-27,"2023","10","27","Dirección General Marítima (DIMAR)","01:22:00","Zona Pelágica","SP-23-0456","Event","830.027.904-1","Fitoplancton del Crucero Oceanográfico Cuenca Pacífica Colombiana LXIII / XXVI Crucero Regional Conjunto CPPS","cecoldo.iden_09ef25db-2917-44ae-b3eb-d2266f0fad3e","es","Dirección General Marítima (DIMAR)","https://cecoldo.dimar.mil.co/geonetwork/srv/spa/catalog.search#/metadata/09ef25db-2917-44ae-b3eb-d2266f0fad3e","http://marineregions.org/mrgid/21972","América | Sudamérica | Colombia | Región del Pacífico","América del Sur","Océano Pacífico","Colombia","CO","Cuenca Pacífica Colombiana","0",100,2,-81,"WGS84","Laura Carolina Ortiz Mieles "
"CCCP:ERFEN:2023","CCCP:ERFEN:2023:SP-23-0458","Botella Niskin","1 L","L","113 muestras de un litro",2023-10-27,"2023","10","27","Dirección General Marítima (DIMAR)","01:22:00","Zona Pelágica","SP-23-0458","Event","830.027.904-1","Fitoplancton del Crucero Oceanográfico Cuenca Pacífica Colombiana LXIII / XXVI Crucero Regional Conjunto CPPS","cecoldo.iden_09ef25db-2917-44ae-b3eb-d2266f0fad3e","es","Dirección General Marítima (DIMAR)","https://cecoldo.dimar.mil.co/geonetwork/srv/spa/catalog.search#/metadata/09ef25db-2917-44ae-b3eb-d2266f0fad3e","http://marineregions.org/mrgid/21972","América | Sudamérica | Colombia | Región del Pacífico","América del Sur","Océano Pacífico","Colombia","CO","Cuenca Pacífica Colombiana","0",50,2,-81,"WGS84","Laura Carolina Ortiz Mieles "
"CCCP:ERFEN:2023","CCCP:ERFEN:2023:SP-23-0460","Botella Niskin","1 L","L","113 muestras de un litro",2023-10-27,"2023","10","27","Dirección General Marítima (DIMAR)","01:22:00","Zona Pelágica","SP-23-0460","Event","830.027.904-1","Fitoplancton del Crucero Oceanográfico Cuenca Pacífica Colombiana LXIII / XXVI Crucero Regional Conjunto CPPS","cecoldo.iden_09ef25db-2917-44ae-b3eb-d2266f0fad3e","es","Dirección General Marítima (DIMAR)","https://cecoldo.dimar.mil.co/geonetwork/srv/spa/catalog.search#/metadata/09ef25db-2917-44ae-b3eb-d2266f0fad3e","http://marineregions.org/mrgid/21972","América | Sudamérica | Colombia | Región del Pacífico","América del Sur","Océano Pacífico","Colombia","CO","Cuenca Pacífica Colombiana","0",20,2,-81,"WGS84","Laura Carolina Ortiz Mieles "
"CCCP:ERFEN:2023","CCCP:ERFEN:2023:SP-23-0461","Botella Niskin","1 L","L","113 muestras de un litro",2023-10-27,"2023","10","27","Dirección General Marítima (DIMAR)","01:22:00","Zona Pelágica","SP-23-0461","Event","830.027.904-1","Fitoplancton del Crucero Oceanográfico Cuenca Pacífica Colombiana LXIII / XXVI Crucero Regional Conjunto CPPS","cecoldo.iden_09ef25db-2917-44ae-b3eb-d2266f0fad3e","es","Dirección General Marítima (DIMAR)","https://cecoldo.dimar.mil.co/geonetwork/srv/spa/catalog.search#/metadata/09ef25db-2917-44ae-b3eb-d2266f0fad3e","http://marineregions.org/mrgid/21972","América | Sudamérica | Colombia | Región del Pacífico","América del Sur","Océano Pacífico","Colombia","CO","Cuenca Pacífica Colombiana","0",0,2,-81,"WGS84","Laura Carolina Ortiz Mieles "
"CCCP:ERFEN:2023","CCCP:ERFEN:2023:SP-23-0466","Botella Niskin","1 L","L","113 muestras de un litro",2023-10-27,"2023","10","27","Dirección General Marítima (DIMAR)","16:18:00","Zona Pelágica","SP-23-0466","Event","830.027.904-1","Fitoplancton del Crucero Oceanográfico Cuenca Pacífica Colombiana LXIII / XXVI Crucero Regional Conjunto CPPS","cecoldo.iden_09ef25db-2917-44ae-b3eb-d2266f0fad3e","es","Dirección General Marítima (DIMAR)","https://cecoldo.dimar.mil.co/geonetwork/srv/spa/catalog.search#/metadata/09ef25db-2917-44ae-b3eb-d2266f0fad3e","http://marineregions.org/mrgid/21972","América | Sudamérica | Colombia | Región del Pacífico","América del Sur","Océano Pacífico","Colombia","CO","Cuenca Pacífica Colombiana","0",100,2,-82,"WGS84","Laura Carolina Ortiz Mieles "
"CCCP:ERFEN:2023","CCCP:ERFEN:2023:SP-23-0468","Botella Niskin","1 L","L","113 muestras de un litro",2023-10-27,"2023","10","27","Dirección General Marítima (DIMAR)","16:18:00","Zona Pelágica","SP-23-0468","Event","830.027.904-1","Fitoplancton del Crucero Oceanográfico Cuenca Pacífica Colombiana LXIII / XXVI Crucero Regional Conjunto CPPS","cecoldo.iden_09ef25db-2917-44ae-b3eb-d2266f0fad3e","es","Dirección General Marítima (DIMAR)","https://cecoldo.dimar.mil.co/geonetwork/srv/spa/catalog.search#/metadata/09ef25db-2917-44ae-b3eb-d2266f0fad3e","http://marineregions.org/mrgid/21972","América | Sudamérica | Colombia | Región del Pacífico","América del Sur","Océano Pacífico","Colombia","CO","Cuenca Pacífica Colombiana","0",50,2,-82,"WGS84","Laura Carolina Ortiz Mieles "
"CCCP:ERFEN:2023","CCCP:ERFEN:2023:SP-23-0471","Botella Niskin","1 L","L","113 muestras de un litro",2023-10-27,"2023","10","27","Dirección General Marítima (DIMAR)","16:18:00","Zona Pelágica","SP-23-0471","Event","830.027.904-1","Fitoplancton del Crucero Oceanográfico Cuenca Pacífica Colombiana LXIII / XXVI Crucero Regional Conjunto CPPS","cecoldo.iden_09ef25db-2917-44ae-b3eb-d2266f0fad3e","es","Dirección General Marítima (DIMAR)","https://cecoldo.dimar.mil.co/geonetwork/srv/spa/catalog.search#/metadata/09ef25db-2917-44ae-b3eb-d2266f0fad3e","http://marineregions.org/mrgid/21972","América | Sudamérica | Colombia | Región del Pacífico","América del Sur","Océano Pacífico","Colombia","CO","Cuenca Pacífica Colombiana","0",0,2,-82,"WGS84","Laura Carolina Ortiz Mieles "
"CCCP:ERFEN:2023","CCCP:ERFEN:2023:SP-23-0476","Botella Niskin","1 L","L","113 muestras de un litro",2023-10-28,"2023","10","28","Dirección General Marítima (DIMAR)","07:58:00","Zona Pelágica","SP-23-0476","Event","830.027.904-1","Fitoplancton del Crucero Oceanográfico Cuenca Pacífica Colombiana LXIII / XXVI Crucero Regional Conjunto CPPS","cecoldo.iden_09ef25db-2917-44ae-b3eb-d2266f0fad3e","es","Dirección General Marítima (DIMAR)","https://cecoldo.dimar.mil.co/geonetwork/srv/spa/catalog.search#/metadata/09ef25db-2917-44ae-b3eb-d2266f0fad3e","http://marineregions.org/mrgid/21972","América | Sudamérica | Colombia | Región del Pacífico","América del Sur","Océano Pacífico","Colombia","CO","Cuenca Pacífica Colombiana","0",100,2,-83,"WGS84","Laura Carolina Ortiz Mieles "
"CCCP:ERFEN:2023","CCCP:ERFEN:2023:SP-23-0478","Botella Niskin","1 L","L","113 muestras de un litro",2023-10-28,"2023","10","28","Dirección General Marítima (DIMAR)","07:58:00","Zona Pelágica","SP-23-0478","Event","830.027.904-1","Fitoplancton del Crucero Oceanográfico Cuenca Pacífica Colombiana LXIII / XXVI Crucero Regional Conjunto CPPS","cecoldo.iden_09ef25db-2917-44ae-b3eb-d2266f0fad3e","es","Dirección General Marítima (DIMAR)","https://cecoldo.dimar.mil.co/geonetwork/srv/spa/catalog.search#/metadata/09ef25db-2917-44ae-b3eb-d2266f0fad3e","http://marineregions.org/mrgid/21972","América | Sudamérica | Colombia | Región del Pacífico","América del Sur","Océano Pacífico","Colombia","CO","Cuenca Pacífica Colombiana","0",50,2,-83,"WGS84","Laura Carolina Ortiz Mieles "
"CCCP:ERFEN:2023","CCCP:ERFEN:2023:SP-23-0480","Botella Niskin","1 L","L","113 muestras de un litro",2023-10-28,"2023","10","28","Dirección General Marítima (DIMAR)","07:58:00","Zona Pelágica","SP-23-0480","Event","830.027.904-1","Fitoplancton del Crucero Oceanográfico Cuenca Pacífica Colombiana LXIII / XXVI Crucero Regional Conjunto CPPS","cecoldo.iden_09ef25db-2917-44ae-b3eb-d2266f0fad3e","es","Dirección General Marítima (DIMAR)","https://cecoldo.dimar.mil.co/geonetwork/srv/spa/catalog.search#/metadata/09ef25db-2917-44ae-b3eb-d2266f0fad3e","http://marineregions.org/mrgid/21972","América | Sudamérica | Colombia | Región del Pacífico","América del Sur","Océano Pacífico","Colombia","CO","Cuenca Pacífica Colombiana","0",20,2,-83,"WGS84","Laura Carolina Ortiz Mieles "
"CCCP:ERFEN:2023","CCCP:ERFEN:2023:SP-23-0481","Botella Niskin","1 L","L","113 muestras de un litro",2023-10-28,"2023","10","28","Dirección General Marítima (DIMAR)","07:58:00","Zona Pelágica","SP-23-0481","Event","830.027.904-1","Fitoplancton del Crucero Oceanográfico Cuenca Pacífica Colombiana LXIII / XXVI Crucero Regional Conjunto CPPS","cecoldo.iden_09ef25db-2917-44ae-b3eb-d2266f0fad3e","es","Dirección General Marítima (DIMAR)","https://cecoldo.dimar.mil.co/geonetwork/srv/spa/catalog.search#/metadata/09ef25db-2917-44ae-b3eb-d2266f0fad3e","http://marineregions.org/mrgid/21972","América | Sudamérica | Colombia | Región del Pacífico","América del Sur","Océano Pacífico","Colombia","CO","Cuenca Pacífica Colombiana","0",0,2,-83,"WGS84","Laura Carolina Ortiz Mieles "
"CCCP:ERFEN:2023","CCCP:ERFEN:2023:SP-23-0486","Botella Niskin","1 L","L","113 muestras de un litro",2023-10-29,"2023","10","29","Dirección General Marítima (DIMAR)","00:12:00","Zona Pelágica","SP-23-0486","Event","830.027.904-1","Fitoplancton del Crucero Oceanográfico Cuenca Pacífica Colombiana LXIII / XXVI Crucero Regional Conjunto CPPS","cecoldo.iden_09ef25db-2917-44ae-b3eb-d2266f0fad3e","es","Dirección General Marítima (DIMAR)","https://cecoldo.dimar.mil.co/geonetwork/srv/spa/catalog.search#/metadata/09ef25db-2917-44ae-b3eb-d2266f0fad3e","http://marineregions.org/mrgid/21972","América | Sudamérica | Colombia | Región del Pacífico","América del Sur","Océano Pacífico","Colombia","CO","Cuenca Pacífica Colombiana","0",100,2,-84,"WGS84","Laura Carolina Ortiz Mieles "
"CCCP:ERFEN:2023","CCCP:ERFEN:2023:SP-23-0488","Botella Niskin","1 L","L","113 muestras de un litro",2023-10-29,"2023","10","29","Dirección General Marítima (DIMAR)","00:12:00","Zona Pelágica","SP-23-0488","Event","830.027.904-1","Fitoplancton del Crucero Oceanográfico Cuenca Pacífica Colombiana LXIII / XXVI Crucero Regional Conjunto CPPS","cecoldo.iden_09ef25db-2917-44ae-b3eb-d2266f0fad3e","es","Dirección General Marítima (DIMAR)","https://cecoldo.dimar.mil.co/geonetwork/srv/spa/catalog.search#/metadata/09ef25db-2917-44ae-b3eb-d2266f0fad3e","http://marineregions.org/mrgid/21972","América | Sudamérica | Colombia | Región del Pacífico","América del Sur","Océano Pacífico","Colombia","CO","Cuenca Pacífica Colombiana","0",50,2,-84,"WGS84","Laura Carolina Ortiz Mieles "
"CCCP:ERFEN:2023","CCCP:ERFEN:2023:SP-23-0490","Botella Niskin","1 L","L","113 muestras de un litro",2023-10-29,"2023","10","29","Dirección General Marítima (DIMAR)","00:12:00","Zona Pelágica","SP-23-0490","Event","830.027.904-1","Fitoplancton del Crucero Oceanográfico Cuenca Pacífica Colombiana LXIII / XXVI Crucero Regional Conjunto CPPS","cecoldo.iden_09ef25db-2917-44ae-b3eb-d2266f0fad3e","es","Dirección General Marítima (DIMAR)","https://cecoldo.dimar.mil.co/geonetwork/srv/spa/catalog.search#/metadata/09ef25db-2917-44ae-b3eb-d2266f0fad3e","http://marineregions.org/mrgid/21972","América | Sudamérica | Colombia | Región del Pacífico","América del Sur","Océano Pacífico","Colombia","CO","Cuenca Pacífica Colombiana","0",20,2,-84,"WGS84","Laura Carolina Ortiz Mieles "
"CCCP:ERFEN:2023","CCCP:ERFEN:2023:SP-23-0491","Botella Niskin","1 L","L","113 muestras de un litro",2023-10-29,"2023","10","29","Dirección General Marítima (DIMAR)","00:12:00","Zona Pelágica","SP-23-0491","Event","830.027.904-1","Fitoplancton del Crucero Oceanográfico Cuenca Pacífica Colombiana LXIII / XXVI Crucero Regional Conjunto CPPS","cecoldo.iden_09ef25db-2917-44ae-b3eb-d2266f0fad3e","es","Dirección General Marítima (DIMAR)","https://cecoldo.dimar.mil.co/geonetwork/srv/spa/catalog.search#/metadata/09ef25db-2917-44ae-b3eb-d2266f0fad3e","http://marineregions.org/mrgid/21972","América | Sudamérica | Colombia | Región del Pacífico","América del Sur","Océano Pacífico","Colombia","CO","Cuenca Pacífica Colombiana","0",0,2,-84,"WGS84","Laura Carolina Ortiz Mieles "
"CCCP:ERFEN:2023","CCCP:ERFEN:2023:SP-23-0496","Botella Niskin","1 L","L","113 muestras de un litro",2023-10-29,"2023","10","29","Dirección General Marítima (DIMAR)","09:49:00","Zona Pelágica","SP-23-0496","Event","830.027.904-1","Fitoplancton del Crucero Oceanográfico Cuenca Pacífica Colombiana LXIII / XXVI Crucero Regional Conjunto CPPS","cecoldo.iden_09ef25db-2917-44ae-b3eb-d2266f0fad3e","es","Dirección General Marítima (DIMAR)","https://cecoldo.dimar.mil.co/geonetwork/srv/spa/catalog.search#/metadata/09ef25db-2917-44ae-b3eb-d2266f0fad3e","http://marineregions.org/mrgid/21972","América | Sudamérica | Colombia | Región del Pacífico","América del Sur","Océano Pacífico","Colombia","CO","Cuenca Pacífica Colombiana","0",100,3,-84,"WGS84","Laura Carolina Ortiz Mieles "
"CCCP:ERFEN:2023","CCCP:ERFEN:2023:SP-23-0498","Botella Niskin","1 L","L","113 muestras de un litro",2023-10-29,"2023","10","29","Dirección General Marítima (DIMAR)","09:49:00","Zona Pelágica","SP-23-0498","Event","830.027.904-1","Fitoplancton del Crucero Oceanográfico Cuenca Pacífica Colombiana LXIII / XXVI Crucero Regional Conjunto CPPS","cecoldo.iden_09ef25db-2917-44ae-b3eb-d2266f0fad3e","es","Dirección General Marítima (DIMAR)","https://cecoldo.dimar.mil.co/geonetwork/srv/spa/catalog.search#/metadata/09ef25db-2917-44ae-b3eb-d2266f0fad3e","http://marineregions.org/mrgid/21972","América | Sudamérica | Colombia | Región del Pacífico","América del Sur","Océano Pacífico","Colombia","CO","Cuenca Pacífica Colombiana","0",50,3,-84,"WGS84","Laura Carolina Ortiz Mieles "
"CCCP:ERFEN:2023","CCCP:ERFEN:2023:SP-23-0500","Botella Niskin","1 L","L","113 muestras de un litro",2023-10-29,"2023","10","29","Dirección General Marítima (DIMAR)","09:49:00","Zona Pelágica","SP-23-0500","Event","830.027.904-1","Fitoplancton del Crucero Oceanográfico Cuenca Pacífica Colombiana LXIII / XXVI Crucero Regional Conjunto CPPS","cecoldo.iden_09ef25db-2917-44ae-b3eb-d2266f0fad3e","es","Dirección General Marítima (DIMAR)","https://cecoldo.dimar.mil.co/geonetwork/srv/spa/catalog.search#/metadata/09ef25db-2917-44ae-b3eb-d2266f0fad3e","http://marineregions.org/mrgid/21972","América | Sudamérica | Colombia | Región del Pacífico","América del Sur","Océano Pacífico","Colombia","CO","Cuenca Pacífica Colombiana","0",20,3,-84,"WGS84","Laura Carolina Ortiz Mieles "
"CCCP:ERFEN:2023","CCCP:ERFEN:2023:SP-23-0501","Botella Niskin","1 L","L","113 muestras de un litro",2023-10-29,"2023","10","29","Dirección General Marítima (DIMAR)","09:49:00","Zona Pelágica","SP-23-0501","Event","830.027.904-1","Fitoplancton del Crucero Oceanográfico Cuenca Pacífica Colombiana LXIII / XXVI Crucero Regional Conjunto CPPS","cecoldo.iden_09ef25db-2917-44ae-b3eb-d2266f0fad3e","es","Dirección General Marítima (DIMAR)","https://cecoldo.dimar.mil.co/geonetwork/srv/spa/catalog.search#/metadata/09ef25db-2917-44ae-b3eb-d2266f0fad3e","http://marineregions.org/mrgid/21972","América | Sudamérica | Colombia | Región del Pacífico","América del Sur","Océano Pacífico","Colombia","CO","Cuenca Pacífica Colombiana","0",0,3,-84,"WGS84","Laura Carolina Ortiz Mieles "
"CCCP:ERFEN:2023","CCCP:ERFEN:2023:SP-23-0506","Botella Niskin","1 L","L","113 muestras de un litro",2023-10-29,"2023","10","29","Dirección General Marítima (DIMAR)","18:58:00","Zona Pelágica","SP-23-0506","Event","830.027.904-1","Fitoplancton del Crucero Oceanográfico Cuenca Pacífica Colombiana LXIII / XXVI Crucero Regional Conjunto CPPS","cecoldo.iden_09ef25db-2917-44ae-b3eb-d2266f0fad3e","es","Dirección General Marítima (DIMAR)","https://cecoldo.dimar.mil.co/geonetwork/srv/spa/catalog.search#/metadata/09ef25db-2917-44ae-b3eb-d2266f0fad3e","http://marineregions.org/mrgid/21972","América | Sudamérica | Colombia | Región del Pacífico","América del Sur","Océano Pacífico","Colombia","CO","Cuenca Pacífica Colombiana","0",100,3,-83,"WGS84","Laura Carolina Ortiz Mieles "
"CCCP:ERFEN:2023","CCCP:ERFEN:2023:SP-23-0508","Botella Niskin","1 L","L","113 muestras de un litro",2023-10-29,"2023","10","29","Dirección General Marítima (DIMAR)","18:58:00","Zona Pelágica","SP-23-0508","Event","830.027.904-1","Fitoplancton del Crucero Oceanográfico Cuenca Pacífica Colombiana LXIII / XXVI Crucero Regional Conjunto CPPS","cecoldo.iden_09ef25db-2917-44ae-b3eb-d2266f0fad3e","es","Dirección General Marítima (DIMAR)","https://cecoldo.dimar.mil.co/geonetwork/srv/spa/catalog.search#/metadata/09ef25db-2917-44ae-b3eb-d2266f0fad3e","http://marineregions.org/mrgid/21972","América | Sudamérica | Colombia | Región del Pacífico","América del Sur","Océano Pacífico","Colombia","CO","Cuenca Pacífica Colombiana","0",50,3,-83,"WGS84","Laura Carolina Ortiz Mieles "
"CCCP:ERFEN:2023","CCCP:ERFEN:2023:SP-23-0510","Botella Niskin","1 L","L","113 muestras de un litro",2023-10-29,"2023","10","29","Dirección General Marítima (DIMAR)","18:58:00","Zona Pelágica","SP-23-0510","Event","830.027.904-1","Fitoplancton del Crucero Oceanográfico Cuenca Pacífica Colombiana LXIII / XXVI Crucero Regional Conjunto CPPS","cecoldo.iden_09ef25db-2917-44ae-b3eb-d2266f0fad3e","es","Dirección General Marítima (DIMAR)","https://cecoldo.dimar.mil.co/geonetwork/srv/spa/catalog.search#/metadata/09ef25db-2917-44ae-b3eb-d2266f0fad3e","http://marineregions.org/mrgid/21972","América | Sudamérica | Colombia | Región del Pacífico","América del Sur","Océano Pacífico","Colombia","CO","Cuenca Pacífica Colombiana","0",20,3,-83,"WGS84","Laura Carolina Ortiz Mieles "
"CCCP:ERFEN:2023","CCCP:ERFEN:2023:SP-23-0511","Botella Niskin","1 L","L","113 muestras de un litro",2023-10-29,"2023","10","29","Dirección General Marítima (DIMAR)","18:58:00","Zona Pelágica","SP-23-0511","Event","830.027.904-1","Fitoplancton del Crucero Oceanográfico Cuenca Pacífica Colombiana LXIII / XXVI Crucero Regional Conjunto CPPS","cecoldo.iden_09ef25db-2917-44ae-b3eb-d2266f0fad3e","es","Dirección General Marítima (DIMAR)","https://cecoldo.dimar.mil.co/geonetwork/srv/spa/catalog.search#/metadata/09ef25db-2917-44ae-b3eb-d2266f0fad3e","http://marineregions.org/mrgid/21972","América | Sudamérica | Colombia | Región del Pacífico","América del Sur","Océano Pacífico","Colombia","CO","Cuenca Pacífica Colombiana","0",0,3,-83,"WGS84","Laura Carolina Ortiz Mieles "
"CCCP:ERFEN:2023","CCCP:ERFEN:2023:SP-23-0516","Botella Niskin","1 L","L","113 muestras de un litro",2023-10-30,"2023","10","30","Dirección General Marítima (DIMAR)","03:59:00","Zona Pelágica","SP-23-0516","Event","830.027.904-1","Fitoplancton del Crucero Oceanográfico Cuenca Pacífica Colombiana LXIII / XXVI Crucero Regional Conjunto CPPS","cecoldo.iden_09ef25db-2917-44ae-b3eb-d2266f0fad3e","es","Dirección General Marítima (DIMAR)","https://cecoldo.dimar.mil.co/geonetwork/srv/spa/catalog.search#/metadata/09ef25db-2917-44ae-b3eb-d2266f0fad3e","http://marineregions.org/mrgid/21972","América | Sudamérica | Colombia | Región del Pacífico","América del Sur","Océano Pacífico","Colombia","CO","Cuenca Pacífica Colombiana","0",100,3,-82,"WGS84","Laura Carolina Ortiz Mieles "
"CCCP:ERFEN:2023","CCCP:ERFEN:2023:SP-23-0518","Botella Niskin","1 L","L","113 muestras de un litro",2023-10-30,"2023","10","30","Dirección General Marítima (DIMAR)","03:59:00","Zona Pelágica","SP-23-0518","Event","830.027.904-1","Fitoplancton del Crucero Oceanográfico Cuenca Pacífica Colombiana LXIII / XXVI Crucero Regional Conjunto CPPS","cecoldo.iden_09ef25db-2917-44ae-b3eb-d2266f0fad3e","es","Dirección General Marítima (DIMAR)","https://cecoldo.dimar.mil.co/geonetwork/srv/spa/catalog.search#/metadata/09ef25db-2917-44ae-b3eb-d2266f0fad3e","http://marineregions.org/mrgid/21972","América | Sudamérica | Colombia | Región del Pacífico","América del Sur","Océano Pacífico","Colombia","CO","Cuenca Pacífica Colombiana","0",50,3,-82,"WGS84","Laura Carolina Ortiz Mieles "
"CCCP:ERFEN:2023","CCCP:ERFEN:2023:SP-23-0520","Botella Niskin","1 L","L","113 muestras de un litro",2023-10-30,"2023","10","30","Dirección General Marítima (DIMAR)","03:59:00","Zona Pelágica","SP-23-0520","Event","830.027.904-1","Fitoplancton del Crucero Oceanográfico Cuenca Pacífica Colombiana LXIII / XXVI Crucero Regional Conjunto CPPS","cecoldo.iden_09ef25db-2917-44ae-b3eb-d2266f0fad3e","es","Dirección General Marítima (DIMAR)","https://cecoldo.dimar.mil.co/geonetwork/srv/spa/catalog.search#/metadata/09ef25db-2917-44ae-b3eb-d2266f0fad3e","http://marineregions.org/mrgid/21972","América | Sudamérica | Colombia | Región del Pacífico","América del Sur","Océano Pacífico","Colombia","CO","Cuenca Pacífica Colombiana","0",20,3,-82,"WGS84","Laura Carolina Ortiz Mieles "
"CCCP:ERFEN:2023","CCCP:ERFEN:2023:SP-23-0521","Botella Niskin","1 L","L","113 muestras de un litro",2023-10-30,"2023","10","30","Dirección General Marítima (DIMAR)","03:59:00","Zona Pelágica","SP-23-0521","Event","830.027.904-1","Fitoplancton del Crucero Oceanográfico Cuenca Pacífica Colombiana LXIII / XXVI Crucero Regional Conjunto CPPS","cecoldo.iden_09ef25db-2917-44ae-b3eb-d2266f0fad3e","es","Dirección General Marítima (DIMAR)","https://cecoldo.dimar.mil.co/geonetwork/srv/spa/catalog.search#/metadata/09ef25db-2917-44ae-b3eb-d2266f0fad3e","http://marineregions.org/mrgid/21972","América | Sudamérica | Colombia | Región del Pacífico","América del Sur","Océano Pacífico","Colombia","CO","Cuenca Pacífica Colombiana","0",0,3,-82,"WGS84","Laura Carolina Ortiz Mieles "
"CCCP:ERFEN:2023","CCCP:ERFEN:2023:SP-23-0526","Botella Niskin","1 L","L","113 muestras de un litro",2023-10-30,"2023","10","30","Dirección General Marítima (DIMAR)","13:07:00","Zona Pelágica","SP-23-0526","Event","830.027.904-1","Fitoplancton del Crucero Oceanográfico Cuenca Pacífica Colombiana LXIII / XXVI Crucero Regional Conjunto CPPS","cecoldo.iden_09ef25db-2917-44ae-b3eb-d2266f0fad3e","es","Dirección General Marítima (DIMAR)","https://cecoldo.dimar.mil.co/geonetwork/srv/spa/catalog.search#/metadata/09ef25db-2917-44ae-b3eb-d2266f0fad3e","http://marineregions.org/mrgid/21972","América | Sudamérica | Colombia | Región del Pacífico","América del Sur","Océano Pacífico","Colombia","CO","Cuenca Pacífica Colombiana","0",100,3,-81,"WGS84","Laura Carolina Ortiz Mieles "
"CCCP:ERFEN:2023","CCCP:ERFEN:2023:SP-23-0527","Botella Niskin","1 L","L","113 muestras de un litro",2023-10-30,"2023","10","30","Dirección General Marítima (DIMAR)","13:07:00","Zona Pelágica","SP-23-0527","Event","830.027.904-1","Fitoplancton del Crucero Oceanográfico Cuenca Pacífica Colombiana LXIII / XXVI Crucero Regional Conjunto CPPS","cecoldo.iden_09ef25db-2917-44ae-b3eb-d2266f0fad3e","es","Dirección General Marítima (DIMAR)","https://cecoldo.dimar.mil.co/geonetwork/srv/spa/catalog.search#/metadata/09ef25db-2917-44ae-b3eb-d2266f0fad3e","http://marineregions.org/mrgid/21972","América | Sudamérica | Colombia | Región del Pacífico","América del Sur","Océano Pacífico","Colombia","CO","Cuenca Pacífica Colombiana","0",50,3,-81,"WGS84","Laura Carolina Ortiz Mieles "
"CCCP:ERFEN:2023","CCCP:ERFEN:2023:SP-23-0529","Botella Niskin","1 L","L","113 muestras de un litro",2023-10-30,"2023","10","30","Dirección General Marítima (DIMAR)","13:07:00","Zona Pelágica","SP-23-0529","Event","830.027.904-1","Fitoplancton del Crucero Oceanográfico Cuenca Pacífica Colombiana LXIII / XXVI Crucero Regional Conjunto CPPS","cecoldo.iden_09ef25db-2917-44ae-b3eb-d2266f0fad3e","es","Dirección General Marítima (DIMAR)","https://cecoldo.dimar.mil.co/geonetwork/srv/spa/catalog.search#/metadata/09ef25db-2917-44ae-b3eb-d2266f0fad3e","http://marineregions.org/mrgid/21972","América | Sudamérica | Colombia | Región del Pacífico","América del Sur","Océano Pacífico","Colombia","CO","Cuenca Pacífica Colombiana","0",20,3,-81,"WGS84","Laura Carolina Ortiz Mieles "
"CCCP:ERFEN:2023","CCCP:ERFEN:2023:SP-23-0530","Botella Niskin","1 L","L","113 muestras de un litro",2023-10-30,"2023","10","30","Dirección General Marítima (DIMAR)","13:07:00","Zona Pelágica","SP-23-0530","Event","830.027.904-1","Fitoplancton del Crucero Oceanográfico Cuenca Pacífica Colombiana LXIII / XXVI Crucero Regional Conjunto CPPS","cecoldo.iden_09ef25db-2917-44ae-b3eb-d2266f0fad3e","es","Dirección General Marítima (DIMAR)","https://cecoldo.dimar.mil.co/geonetwork/srv/spa/catalog.search#/metadata/09ef25db-2917-44ae-b3eb-d2266f0fad3e","http://marineregions.org/mrgid/21972","América | Sudamérica | Colombia | Región del Pacífico","América del Sur","Océano Pacífico","Colombia","CO","Cuenca Pacífica Colombiana","0",0,3,-81,"WGS84","Laura Carolina Ortiz Mieles "
"CCCP:ERFEN:2023","CCCP:ERFEN:2023:SP-23-0537","Botella Niskin","1 L","L","113 muestras de un litro",2023-10-31,"2023","10","31","Dirección General Marítima (DIMAR)","22:55:00","Zona Pelágica","SP-23-0537","Event","830.027.904-1","Fitoplancton del Crucero Oceanográfico Cuenca Pacífica Colombiana LXIII / XXVI Crucero Regional Conjunto CPPS","cecoldo.iden_09ef25db-2917-44ae-b3eb-d2266f0fad3e","es","Dirección General Marítima (DIMAR)","https://cecoldo.dimar.mil.co/geonetwork/srv/spa/catalog.search#/metadata/09ef25db-2917-44ae-b3eb-d2266f0fad3e","http://marineregions.org/mrgid/21972","América | Sudamérica | Colombia | Región del Pacífico","América del Sur","Océano Pacífico","Colombia","CO","Cuenca Pacífica Colombiana","0",50,3,-78,"WGS84","Laura Carolina Ortiz Mieles "
"CCCP:ERFEN:2023","CCCP:ERFEN:2023:SP-23-0539","Botella Niskin","1 L","L","113 muestras de un litro",2023-10-31,"2023","10","31","Dirección General Marítima (DIMAR)","22:55:00","Zona Pelágica","SP-23-0539","Event","830.027.904-1","Fitoplancton del Crucero Oceanográfico Cuenca Pacífica Colombiana LXIII / XXVI Crucero Regional Conjunto CPPS","cecoldo.iden_09ef25db-2917-44ae-b3eb-d2266f0fad3e","es","Dirección General Marítima (DIMAR)","https://cecoldo.dimar.mil.co/geonetwork/srv/spa/catalog.search#/metadata/09ef25db-2917-44ae-b3eb-d2266f0fad3e","http://marineregions.org/mrgid/21972","América | Sudamérica | Colombia | Región del Pacífico","América del Sur","Océano Pacífico","Colombia","CO","Cuenca Pacífica Colombiana","0",20,3,-78,"WGS84","Laura Carolina Ortiz Mieles "
"CCCP:ERFEN:2023","CCCP:ERFEN:2023:SP-23-0540","Botella Niskin","1 L","L","113 muestras de un litro",2023-10-31,"2023","10","31","Dirección General Marítima (DIMAR)","22:55:00","Zona Pelágica","SP-23-0540","Event","830.027.904-1","Fitoplancton del Crucero Oceanográfico Cuenca Pacífica Colombiana LXIII / XXVI Crucero Regional Conjunto CPPS","cecoldo.iden_09ef25db-2917-44ae-b3eb-d2266f0fad3e","es","Dirección General Marítima (DIMAR)","https://cecoldo.dimar.mil.co/geonetwork/srv/spa/catalog.search#/metadata/09ef25db-2917-44ae-b3eb-d2266f0fad3e","http://marineregions.org/mrgid/21972","América | Sudamérica | Colombia | Región del Pacífico","América del Sur","Océano Pacífico","Colombia","CO","Cuenca Pacífica Colombiana","0",0,3,-78,"WGS84","Laura Carolina Ortiz Mieles "
"CCCP:ERFEN:2023","CCCP:ERFEN:2023:SP-23-0554","Botella Niskin","1 L","L","113 muestras de un litro",2023-11-09,"2023","11","09","Dirección General Marítima (DIMAR)","15:15:00","Zona Pelágica","SP-23-0554","Event","830.027.904-1","Fitoplancton del Crucero Oceanográfico Cuenca Pacífica Colombiana LXIII / XXVI Crucero Regional Conjunto CPPS","cecoldo.iden_09ef25db-2917-44ae-b3eb-d2266f0fad3e","es","Dirección General Marítima (DIMAR)","https://cecoldo.dimar.mil.co/geonetwork/srv/spa/catalog.search#/metadata/09ef25db-2917-44ae-b3eb-d2266f0fad3e","http://marineregions.org/mrgid/21972","América | Sudamérica | Colombia | Región del Pacífico","América del Sur","Océano Pacífico","Colombia","CO","Cuenca Pacífica Colombiana","0",100,4,-80,"WGS84","Laura Carolina Ortiz Mieles "
"CCCP:ERFEN:2023","CCCP:ERFEN:2023:SP-23-0556","Botella Niskin","1 L","L","113 muestras de un litro",2023-11-09,"2023","11","09","Dirección General Marítima (DIMAR)","15:15:00","Zona Pelágica","SP-23-0556","Event","830.027.904-1","Fitoplancton del Crucero Oceanográfico Cuenca Pacífica Colombiana LXIII / XXVI Crucero Regional Conjunto CPPS","cecoldo.iden_09ef25db-2917-44ae-b3eb-d2266f0fad3e","es","Dirección General Marítima (DIMAR)","https://cecoldo.dimar.mil.co/geonetwork/srv/spa/catalog.search#/metadata/09ef25db-2917-44ae-b3eb-d2266f0fad3e","http://marineregions.org/mrgid/21972","América | Sudamérica | Colombia | Región del Pacífico","América del Sur","Océano Pacífico","Colombia","CO","Cuenca Pacífica Colombiana","0",50,4,-80,"WGS84","Laura Carolina Ortiz Mieles "
"CCCP:ERFEN:2023","CCCP:ERFEN:2023:SP-23-0558","Botella Niskin","1 L","L","113 muestras de un litro",2023-11-09,"2023","11","09","Dirección General Marítima (DIMAR)","15:15:00","Zona Pelágica","SP-23-0558","Event","830.027.904-1","Fitoplancton del Crucero Oceanográfico Cuenca Pacífica Colombiana LXIII / XXVI Crucero Regional Conjunto CPPS","cecoldo.iden_09ef25db-2917-44ae-b3eb-d2266f0fad3e","es","Dirección General Marítima (DIMAR)","https://cecoldo.dimar.mil.co/geonetwork/srv/spa/catalog.search#/metadata/09ef25db-2917-44ae-b3eb-d2266f0fad3e","http://marineregions.org/mrgid/21972","América | Sudamérica | Colombia | Región del Pacífico","América del Sur","Océano Pacífico","Colombia","CO","Cuenca Pacífica Colombiana","0",20,4,-80,"WGS84","Laura Carolina Ortiz Mieles "
"CCCP:ERFEN:2023","CCCP:ERFEN:2023:SP-23-0559","Botella Niskin","1 L","L","113 muestras de un litro",2023-11-09,"2023","11","09","Dirección General Marítima (DIMAR)","15:15:00","Zona Pelágica","SP-23-0559","Event","830.027.904-1","Fitoplancton del Crucero Oceanográfico Cuenca Pacífica Colombiana LXIII / XXVI Crucero Regional Conjunto CPPS","cecoldo.iden_09ef25db-2917-44ae-b3eb-d2266f0fad3e","es","Dirección General Marítima (DIMAR)","https://cecoldo.dimar.mil.co/geonetwork/srv/spa/catalog.search#/metadata/09ef25db-2917-44ae-b3eb-d2266f0fad3e","http://marineregions.org/mrgid/21972","América | Sudamérica | Colombia | Región del Pacífico","América del Sur","Océano Pacífico","Colombia","CO","Cuenca Pacífica Colombiana","0",0,4,-80,"WGS84","Laura Carolina Ortiz Mieles "
"CCCP:ERFEN:2023","CCCP:ERFEN:2023:SP-23-0564","Botella Niskin","1 L","L","113 muestras de un litro",2023-11-10,"2023","11","10","Dirección General Marítima (DIMAR)","00:17:00","Zona Pelágica","SP-23-0564","Event","830.027.904-1","Fitoplancton del Crucero Oceanográfico Cuenca Pacífica Colombiana LXIII / XXVI Crucero Regional Conjunto CPPS","cecoldo.iden_09ef25db-2917-44ae-b3eb-d2266f0fad3e","es","Dirección General Marítima (DIMAR)","https://cecoldo.dimar.mil.co/geonetwork/srv/spa/catalog.search#/metadata/09ef25db-2917-44ae-b3eb-d2266f0fad3e","http://marineregions.org/mrgid/21972","América | Sudamérica | Colombia | Región del Pacífico","América del Sur","Océano Pacífico","Colombia","CO","Cuenca Pacífica Colombiana","0",100,4,-81,"WGS84","Laura Carolina Ortiz Mieles "
"CCCP:ERFEN:2023","CCCP:ERFEN:2023:SP-23-0566","Botella Niskin","1 L","L","113 muestras de un litro",2023-11-10,"2023","11","10","Dirección General Marítima (DIMAR)","00:17:00","Zona Pelágica","SP-23-0566","Event","830.027.904-1","Fitoplancton del Crucero Oceanográfico Cuenca Pacífica Colombiana LXIII / XXVI Crucero Regional Conjunto CPPS","cecoldo.iden_09ef25db-2917-44ae-b3eb-d2266f0fad3e","es","Dirección General Marítima (DIMAR)","https://cecoldo.dimar.mil.co/geonetwork/srv/spa/catalog.search#/metadata/09ef25db-2917-44ae-b3eb-d2266f0fad3e","http://marineregions.org/mrgid/21972","América | Sudamérica | Colombia | Región del Pacífico","América del Sur","Océano Pacífico","Colombia","CO","Cuenca Pacífica Colombiana","0",50,4,-81,"WGS84","Laura Carolina Ortiz Mieles "
"CCCP:ERFEN:2023","CCCP:ERFEN:2023:SP-23-0568","Botella Niskin","1 L","L","113 muestras de un litro",2023-11-10,"2023","11","10","Dirección General Marítima (DIMAR)","00:17:00","Zona Pelágica","SP-23-0568","Event","830.027.904-1","Fitoplancton del Crucero Oceanográfico Cuenca Pacífica Colombiana LXIII / XXVI Crucero Regional Conjunto CPPS","cecoldo.iden_09ef25db-2917-44ae-b3eb-d2266f0fad3e","es","Dirección General Marítima (DIMAR)","https://cecoldo.dimar.mil.co/geonetwork/srv/spa/catalog.search#/metadata/09ef25db-2917-44ae-b3eb-d2266f0fad3e","http://marineregions.org/mrgid/21972","América | Sudamérica | Colombia | Región del Pacífico","América del Sur","Océano Pacífico","Colombia","CO","Cuenca Pacífica Colombiana","0",20,4,-81,"WGS84","Laura Carolina Ortiz Mieles "
"CCCP:ERFEN:2023","CCCP:ERFEN:2023:SP-23-0601","Botella Niskin","1 L","L","113 muestras de un litro",2023-11-11,"2023","11","11","Dirección General Marítima (DIMAR)","01:57:00","Zona Pelágica","SP-23-0601","Event","830.027.904-1","Fitoplancton del Crucero Oceanográfico Cuenca Pacífica Colombiana LXIII / XXVI Crucero Regional Conjunto CPPS","cecoldo.iden_09ef25db-2917-44ae-b3eb-d2266f0fad3e","es","Dirección General Marítima (DIMAR)","https://cecoldo.dimar.mil.co/geonetwork/srv/spa/catalog.search#/metadata/09ef25db-2917-44ae-b3eb-d2266f0fad3e","http://marineregions.org/mrgid/21972","América | Sudamérica | Colombia | Región del Pacífico","América del Sur","Océano Pacífico","Colombia","CO","Cuenca Pacífica Colombiana","0",50,4,-82,"WGS84","Laura Carolina Ortiz Mieles "
"CCCP:ERFEN:2023","CCCP:ERFEN:2023:SP-23-0603","Botella Niskin","1 L","L","113 muestras de un litro",2023-11-11,"2023","11","11","Dirección General Marítima (DIMAR)","01:57:00","Zona Pelágica","SP-23-0603","Event","830.027.904-1","Fitoplancton del Crucero Oceanográfico Cuenca Pacífica Colombiana LXIII / XXVI Crucero Regional Conjunto CPPS","cecoldo.iden_09ef25db-2917-44ae-b3eb-d2266f0fad3e","es","Dirección General Marítima (DIMAR)","https://cecoldo.dimar.mil.co/geonetwork/srv/spa/catalog.search#/metadata/09ef25db-2917-44ae-b3eb-d2266f0fad3e","http://marineregions.org/mrgid/21972","América | Sudamérica | Colombia | Región del Pacífico","América del Sur","Océano Pacífico","Colombia","CO","Cuenca Pacífica Colombiana","0",20,4,-82,"WGS84","Laura Carolina Ortiz Mieles "
"CCCP:ERFEN:2023","CCCP:ERFEN:2023:SP-23-0604","Botella Niskin","1 L","L","113 muestras de un litro",2023-11-11,"2023","11","11","Dirección General Marítima (DIMAR)","01:57:00","Zona Pelágica","SP-23-0604","Event","830.027.904-1","Fitoplancton del Crucero Oceanográfico Cuenca Pacífica Colombiana LXIII / XXVI Crucero Regional Conjunto CPPS","cecoldo.iden_09ef25db-2917-44ae-b3eb-d2266f0fad3e","es","Dirección General Marítima (DIMAR)","https://cecoldo.dimar.mil.co/geonetwork/srv/spa/catalog.search#/metadata/09ef25db-2917-44ae-b3eb-d2266f0fad3e","http://marineregions.org/mrgid/21972","América | Sudamérica | Colombia | Región del Pacífico","América del Sur","Océano Pacífico","Colombia","CO","Cuenca Pacífica Colombiana","0",0,4,-82,"WGS84","Laura Carolina Ortiz Mieles "
"CCCP:ERFEN:2023","CCCP:ERFEN:2023:SP-23-0609","Botella Niskin","1 L","L","113 muestras de un litro",2023-11-11,"2023","11","11","Dirección General Marítima (DIMAR)","14:01:00","Zona Pelágica","SP-23-0609","Event","830.027.904-1","Fitoplancton del Crucero Oceanográfico Cuenca Pacífica Colombiana LXIII / XXVI Crucero Regional Conjunto CPPS","cecoldo.iden_09ef25db-2917-44ae-b3eb-d2266f0fad3e","es","Dirección General Marítima (DIMAR)","https://cecoldo.dimar.mil.co/geonetwork/srv/spa/catalog.search#/metadata/09ef25db-2917-44ae-b3eb-d2266f0fad3e","http://marineregions.org/mrgid/21972","América | Sudamérica | Colombia | Región del Pacífico","América del Sur","Océano Pacífico","Colombia","CO","Cuenca Pacífica Colombiana","0",100,4,-83,"WGS84","Laura Carolina Ortiz Mieles "
"CCCP:ERFEN:2023","CCCP:ERFEN:2023:SP-23-0611","Botella Niskin","1 L","L","113 muestras de un litro",2023-11-11,"2023","11","11","Dirección General Marítima (DIMAR)","14:01:00","Zona Pelágica","SP-23-0611","Event","830.027.904-1","Fitoplancton del Crucero Oceanográfico Cuenca Pacífica Colombiana LXIII / XXVI Crucero Regional Conjunto CPPS","cecoldo.iden_09ef25db-2917-44ae-b3eb-d2266f0fad3e","es","Dirección General Marítima (DIMAR)","https://cecoldo.dimar.mil.co/geonetwork/srv/spa/catalog.search#/metadata/09ef25db-2917-44ae-b3eb-d2266f0fad3e","http://marineregions.org/mrgid/21972","América | Sudamérica | Colombia | Región del Pacífico","América del Sur","Océano Pacífico","Colombia","CO","Cuenca Pacífica Colombiana","0",50,4,-83,"WGS84","Laura Carolina Ortiz Mieles "
"CCCP:ERFEN:2023","CCCP:ERFEN:2023:SP-23-0613","Botella Niskin","1 L","L","113 muestras de un litro",2023-11-11,"2023","11","11","Dirección General Marítima (DIMAR)","14:01:00","Zona Pelágica","SP-23-0613","Event","830.027.904-1","Fitoplancton del Crucero Oceanográfico Cuenca Pacífica Colombiana LXIII / XXVI Crucero Regional Conjunto CPPS","cecoldo.iden_09ef25db-2917-44ae-b3eb-d2266f0fad3e","es","Dirección General Marítima (DIMAR)","https://cecoldo.dimar.mil.co/geonetwork/srv/spa/catalog.search#/metadata/09ef25db-2917-44ae-b3eb-d2266f0fad3e","http://marineregions.org/mrgid/21972","América | Sudamérica | Colombia | Región del Pacífico","América del Sur","Océano Pacífico","Colombia","CO","Cuenca Pacífica Colombiana","0",20,4,-83,"WGS84","Laura Carolina Ortiz Mieles "
"CCCP:ERFEN:2023","CCCP:ERFEN:2023:SP-23-0614","Botella Niskin","1 L","L","113 muestras de un litro",2023-11-11,"2023","11","11","Dirección General Marítima (DIMAR)","14:01:00","Zona Pelágica","SP-23-0614","Event","830.027.904-1","Fitoplancton del Crucero Oceanográfico Cuenca Pacífica Colombiana LXIII / XXVI Crucero Regional Conjunto CPPS","cecoldo.iden_09ef25db-2917-44ae-b3eb-d2266f0fad3e","es","Dirección General Marítima (DIMAR)","https://cecoldo.dimar.mil.co/geonetwork/srv/spa/catalog.search#/metadata/09ef25db-2917-44ae-b3eb-d2266f0fad3e","http://marineregions.org/mrgid/21972","América | Sudamérica | Colombia | Región del Pacífico","América del Sur","Océano Pacífico","Colombia","CO","Cuenca Pacífica Colombiana","0",0,4,-83,"WGS84","Laura Carolina Ortiz Mieles "
"CCCP:ERFEN:2023","CCCP:ERFEN:2023:SP-23-0619","Botella Niskin","1 L","L","113 muestras de un litro",2023-11-12,"2023","11","12","Dirección General Marítima (DIMAR)","02:48:00","Zona Pelágica","SP-23-0619","Event","830.027.904-1","Fitoplancton del Crucero Oceanográfico Cuenca Pacífica Colombiana LXIII / XXVI Crucero Regional Conjunto CPPS","cecoldo.iden_09ef25db-2917-44ae-b3eb-d2266f0fad3e","es","Dirección General Marítima (DIMAR)","https://cecoldo.dimar.mil.co/geonetwork/srv/spa/catalog.search#/metadata/09ef25db-2917-44ae-b3eb-d2266f0fad3e","http://marineregions.org/mrgid/21972","América | Sudamérica | Colombia | Región del Pacífico","América del Sur","Océano Pacífico","Colombia","CO","Cuenca Pacífica Colombiana","0",100,4,-84,"WGS84","Laura Carolina Ortiz Mieles "
"CCCP:ERFEN:2023","CCCP:ERFEN:2023:SP-23-0621","Botella Niskin","1 L","L","113 muestras de un litro",2023-11-12,"2023","11","12","Dirección General Marítima (DIMAR)","02:48:00","Zona Pelágica","SP-23-0621","Event","830.027.904-1","Fitoplancton del Crucero Oceanográfico Cuenca Pacífica Colombiana LXIII / XXVI Crucero Regional Conjunto CPPS","cecoldo.iden_09ef25db-2917-44ae-b3eb-d2266f0fad3e","es","Dirección General Marítima (DIMAR)","https://cecoldo.dimar.mil.co/geonetwork/srv/spa/catalog.search#/metadata/09ef25db-2917-44ae-b3eb-d2266f0fad3e","http://marineregions.org/mrgid/21972","América | Sudamérica | Colombia | Región del Pacífico","América del Sur","Océano Pacífico","Colombia","CO","Cuenca Pacífica Colombiana","0",50,4,-84,"WGS84","Laura Carolina Ortiz Mieles "
"CCCP:ERFEN:2023","CCCP:ERFEN:2023:SP-23-0623","Botella Niskin","1 L","L","113 muestras de un litro",2023-11-12,"2023","11","12","Dirección General Marítima (DIMAR)","02:48:00","Zona Pelágica","SP-23-0623","Event","830.027.904-1","Fitoplancton del Crucero Oceanográfico Cuenca Pacífica Colombiana LXIII / XXVI Crucero Regional Conjunto CPPS","cecoldo.iden_09ef25db-2917-44ae-b3eb-d2266f0fad3e","es","Dirección General Marítima (DIMAR)","https://cecoldo.dimar.mil.co/geonetwork/srv/spa/catalog.search#/metadata/09ef25db-2917-44ae-b3eb-d2266f0fad3e","http://marineregions.org/mrgid/21972","América | Sudamérica | Colombia | Región del Pacífico","América del Sur","Océano Pacífico","Colombia","CO","Cuenca Pacífica Colombiana","0",20,4,-84,"WGS84","Laura Carolina Ortiz Mieles "
"CCCP:ERFEN:2023","CCCP:ERFEN:2023:SP-23-0624","Botella Niskin","1 L","L","113 muestras de un litro",2023-11-12,"2023","11","12","Dirección General Marítima (DIMAR)","02:48:00","Zona Pelágica","SP-23-0624","Event","830.027.904-1","Fitoplancton del Crucero Oceanográfico Cuenca Pacífica Colombiana LXIII / XXVI Crucero Regional Conjunto CPPS","cecoldo.iden_09ef25db-2917-44ae-b3eb-d2266f0fad3e","es","Dirección General Marítima (DIMAR)","https://cecoldo.dimar.mil.co/geonetwork/srv/spa/catalog.search#/metadata/09ef25db-2917-44ae-b3eb-d2266f0fad3e","http://marineregions.org/mrgid/21972","América | Sudamérica | Colombia | Región del Pacífico","América del Sur","Océano Pacífico","Colombia","CO","Cuenca Pacífica Colombiana","0",0,4,-84,"WGS84","Laura Carolina Ortiz Mieles "
"CCCP:ERFEN:2023","CCCP:ERFEN:2023:SP-23-0629","Botella Niskin","1 L","L","113 muestras de un litro",2023-11-12,"2023","11","12","Dirección General Marítima (DIMAR)","13:02:00","Zona Pelágica","SP-23-0629","Event","830.027.904-1","Fitoplancton del Crucero Oceanográfico Cuenca Pacífica Colombiana LXIII / XXVI Crucero Regional Conjunto CPPS","cecoldo.iden_09ef25db-2917-44ae-b3eb-d2266f0fad3e","es","Dirección General Marítima (DIMAR)","https://cecoldo.dimar.mil.co/geonetwork/srv/spa/catalog.search#/metadata/09ef25db-2917-44ae-b3eb-d2266f0fad3e","http://marineregions.org/mrgid/21972","América | Sudamérica | Colombia | Región del Pacífico","América del Sur","Océano Pacífico","Colombia","CO","Cuenca Pacífica Colombiana","0",100,5,-84,"WGS84","Laura Carolina Ortiz Mieles "
"CCCP:ERFEN:2023","CCCP:ERFEN:2023:SP-23-0631","Botella Niskin","1 L","L","113 muestras de un litro",2023-11-12,"2023","11","12","Dirección General Marítima (DIMAR)","13:02:00","Zona Pelágica","SP-23-0631","Event","830.027.904-1","Fitoplancton del Crucero Oceanográfico Cuenca Pacífica Colombiana LXIII / XXVI Crucero Regional Conjunto CPPS","cecoldo.iden_09ef25db-2917-44ae-b3eb-d2266f0fad3e","es","Dirección General Marítima (DIMAR)","https://cecoldo.dimar.mil.co/geonetwork/srv/spa/catalog.search#/metadata/09ef25db-2917-44ae-b3eb-d2266f0fad3e","http://marineregions.org/mrgid/21972","América | Sudamérica | Colombia | Región del Pacífico","América del Sur","Océano Pacífico","Colombia","CO","Cuenca Pacífica Colombiana","0",50,5,-84,"WGS84","Laura Carolina Ortiz Mieles "
"CCCP:ERFEN:2023","CCCP:ERFEN:2023:SP-23-0633","Botella Niskin","1 L","L","113 muestras de un litro",2023-11-12,"2023","11","12","Dirección General Marítima (DIMAR)","13:02:00","Zona Pelágica","SP-23-0633","Event","830.027.904-1","Fitoplancton del Crucero Oceanográfico Cuenca Pacífica Colombiana LXIII / XXVI Crucero Regional Conjunto CPPS","cecoldo.iden_09ef25db-2917-44ae-b3eb-d2266f0fad3e","es","Dirección General Marítima (DIMAR)","https://cecoldo.dimar.mil.co/geonetwork/srv/spa/catalog.search#/metadata/09ef25db-2917-44ae-b3eb-d2266f0fad3e","http://marineregions.org/mrgid/21972","América | Sudamérica | Colombia | Región del Pacífico","América del Sur","Océano Pacífico","Colombia","CO","Cuenca Pacífica Colombiana","0",20,5,-84,"WGS84","Laura Carolina Ortiz Mieles "
"CCCP:ERFEN:2023","CCCP:ERFEN:2023:SP-23-0634","Botella Niskin","1 L","L","113 muestras de un litro",2023-11-12,"2023","11","12","Dirección General Marítima (DIMAR)","13:02:00","Zona Pelágica","SP-23-0634","Event","830.027.904-1","Fitoplancton del Crucero Oceanográfico Cuenca Pacífica Colombiana LXIII / XXVI Crucero Regional Conjunto CPPS","cecoldo.iden_09ef25db-2917-44ae-b3eb-d2266f0fad3e","es","Dirección General Marítima (DIMAR)","https://cecoldo.dimar.mil.co/geonetwork/srv/spa/catalog.search#/metadata/09ef25db-2917-44ae-b3eb-d2266f0fad3e","http://marineregions.org/mrgid/21972","América | Sudamérica | Colombia | Región del Pacífico","América del Sur","Océano Pacífico","Colombia","CO","Cuenca Pacífica Colombiana","0",0,5,-84,"WGS84","Laura Carolina Ortiz Mieles "
"CCCP:ERFEN:2023","CCCP:ERFEN:2023:SP-23-0639","Botella Niskin","1 L","L","113 muestras de un litro",2023-11-12,"2023","11","12","Dirección General Marítima (DIMAR)","21:13:00","Zona Pelágica","SP-23-0639","Event","830.027.904-1","Fitoplancton del Crucero Oceanográfico Cuenca Pacífica Colombiana LXIII / XXVI Crucero Regional Conjunto CPPS","cecoldo.iden_09ef25db-2917-44ae-b3eb-d2266f0fad3e","es","Dirección General Marítima (DIMAR)","https://cecoldo.dimar.mil.co/geonetwork/srv/spa/catalog.search#/metadata/09ef25db-2917-44ae-b3eb-d2266f0fad3e","http://marineregions.org/mrgid/21972","América | Sudamérica | Colombia | Región del Pacífico","América del Sur","Océano Pacífico","Colombia","CO","Cuenca Pacífica Colombiana","0",100,5,-83,"WGS84","Laura Carolina Ortiz Mieles "
"CCCP:ERFEN:2023","CCCP:ERFEN:2023:SP-23-0641","Botella Niskin","1 L","L","113 muestras de un litro",2023-11-12,"2023","11","12","Dirección General Marítima (DIMAR)","21:13:00","Zona Pelágica","SP-23-0641","Event","830.027.904-1","Fitoplancton del Crucero Oceanográfico Cuenca Pacífica Colombiana LXIII / XXVI Crucero Regional Conjunto CPPS","cecoldo.iden_09ef25db-2917-44ae-b3eb-d2266f0fad3e","es","Dirección General Marítima (DIMAR)","https://cecoldo.dimar.mil.co/geonetwork/srv/spa/catalog.search#/metadata/09ef25db-2917-44ae-b3eb-d2266f0fad3e","http://marineregions.org/mrgid/21972","América | Sudamérica | Colombia | Región del Pacífico","América del Sur","Océano Pacífico","Colombia","CO","Cuenca Pacífica Colombiana","0",50,5,-83,"WGS84","Laura Carolina Ortiz Mieles "
"CCCP:ERFEN:2023","CCCP:ERFEN:2023:SP-23-0643","Botella Niskin","1 L","L","113 muestras de un litro",2023-11-12,"2023","11","12","Dirección General Marítima (DIMAR)","21:13:00","Zona Pelágica","SP-23-0643","Event","830.027.904-1","Fitoplancton del Crucero Oceanográfico Cuenca Pacífica Colombiana LXIII / XXVI Crucero Regional Conjunto CPPS","cecoldo.iden_09ef25db-2917-44ae-b3eb-d2266f0fad3e","es","Dirección General Marítima (DIMAR)","https://cecoldo.dimar.mil.co/geonetwork/srv/spa/catalog.search#/metadata/09ef25db-2917-44ae-b3eb-d2266f0fad3e","http://marineregions.org/mrgid/21972","América | Sudamérica | Colombia | Región del Pacífico","América del Sur","Océano Pacífico","Colombia","CO","Cuenca Pacífica Colombiana","0",20,5,-83,"WGS84","Laura Carolina Ortiz Mieles "
"CCCP:ERFEN:2023","CCCP:ERFEN:2023:SP-23-0644","Botella Niskin","1 L","L","113 muestras de un litro",2023-11-12,"2023","11","12","Dirección General Marítima (DIMAR)","21:13:00","Zona Pelágica","SP-23-0644","Event","830.027.904-1","Fitoplancton del Crucero Oceanográfico Cuenca Pacífica Colombiana LXIII / XXVI Crucero Regional Conjunto CPPS","cecoldo.iden_09ef25db-2917-44ae-b3eb-d2266f0fad3e","es","Dirección General Marítima (DIMAR)","https://cecoldo.dimar.mil.co/geonetwork/srv/spa/catalog.search#/metadata/09ef25db-2917-44ae-b3eb-d2266f0fad3e","http://marineregions.org/mrgid/21972","América | Sudamérica | Colombia | Región del Pacífico","América del Sur","Océano Pacífico","Colombia","CO","Cuenca Pacífica Colombiana","0",0,5,-83,"WGS84","Laura Carolina Ortiz Mieles "
"CCCP:ERFEN:2023","CCCP:ERFEN:2023:SP-23-0649","Botella Niskin","1 L","L","113 muestras de un litro",2023-11-13,"2023","11","13","Dirección General Marítima (DIMAR)","05:40:00","Zona Pelágica","SP-23-0649","Event","830.027.904-1","Fitoplancton del Crucero Oceanográfico Cuenca Pacífica Colombiana LXIII / XXVI Crucero Regional Conjunto CPPS","cecoldo.iden_09ef25db-2917-44ae-b3eb-d2266f0fad3e","es","Dirección General Marítima (DIMAR)","https://cecoldo.dimar.mil.co/geonetwork/srv/spa/catalog.search#/metadata/09ef25db-2917-44ae-b3eb-d2266f0fad3e","http://marineregions.org/mrgid/21972","América | Sudamérica | Colombia | Región del Pacífico","América del Sur","Océano Pacífico","Colombia","CO","Cuenca Pacífica Colombiana","0",100,5,-82,"WGS84","Laura Carolina Ortiz Mieles "
"CCCP:ERFEN:2023","CCCP:ERFEN:2023:SP-23-0651","Botella Niskin","1 L","L","113 muestras de un litro",2023-11-13,"2023","11","13","Dirección General Marítima (DIMAR)","05:40:00","Zona Pelágica","SP-23-0651","Event","830.027.904-1","Fitoplancton del Crucero Oceanográfico Cuenca Pacífica Colombiana LXIII / XXVI Crucero Regional Conjunto CPPS","cecoldo.iden_09ef25db-2917-44ae-b3eb-d2266f0fad3e","es","Dirección General Marítima (DIMAR)","https://cecoldo.dimar.mil.co/geonetwork/srv/spa/catalog.search#/metadata/09ef25db-2917-44ae-b3eb-d2266f0fad3e","http://marineregions.org/mrgid/21972","América | Sudamérica | Colombia | Región del Pacífico","América del Sur","Océano Pacífico","Colombia","CO","Cuenca Pacífica Colombiana","0",50,5,-82,"WGS84","Laura Carolina Ortiz Mieles "
"CCCP:ERFEN:2023","CCCP:ERFEN:2023:SP-23-0653","Botella Niskin","1 L","L","113 muestras de un litro",2023-11-13,"2023","11","13","Dirección General Marítima (DIMAR)","05:40:00","Zona Pelágica","SP-23-0653","Event","830.027.904-1","Fitoplancton del Crucero Oceanográfico Cuenca Pacífica Colombiana LXIII / XXVI Crucero Regional Conjunto CPPS","cecoldo.iden_09ef25db-2917-44ae-b3eb-d2266f0fad3e","es","Dirección General Marítima (DIMAR)","https://cecoldo.dimar.mil.co/geonetwork/srv/spa/catalog.search#/metadata/09ef25db-2917-44ae-b3eb-d2266f0fad3e","http://marineregions.org/mrgid/21972","América | Sudamérica | Colombia | Región del Pacífico","América del Sur","Océano Pacífico","Colombia","CO","Cuenca Pacífica Colombiana","0",20,5,-82,"WGS84","Laura Carolina Ortiz Mieles "
"CCCP:ERFEN:2023","CCCP:ERFEN:2023:SP-23-0654","Botella Niskin","1 L","L","113 muestras de un litro",2023-11-13,"2023","11","13","Dirección General Marítima (DIMAR)","05:40:00","Zona Pelágica","SP-23-0654","Event","830.027.904-1","Fitoplancton del Crucero Oceanográfico Cuenca Pacífica Colombiana LXIII / XXVI Crucero Regional Conjunto CPPS","cecoldo.iden_09ef25db-2917-44ae-b3eb-d2266f0fad3e","es","Dirección General Marítima (DIMAR)","https://cecoldo.dimar.mil.co/geonetwork/srv/spa/catalog.search#/metadata/09ef25db-2917-44ae-b3eb-d2266f0fad3e","http://marineregions.org/mrgid/21972","América | Sudamérica | Colombia | Región del Pacífico","América del Sur","Océano Pacífico","Colombia","CO","Cuenca Pacífica Colombiana","0",0,5,-82,"WGS84","Laura Carolina Ortiz Mieles "
"CCCP:ERFEN:2023","CCCP:ERFEN:2023:SP-23-0659","Botella Niskin","1 L","L","113 muestras de un litro",2023-11-13,"2023","11","13","Dirección General Marítima (DIMAR)","14:09:00","Zona Pelágica","SP-23-0659","Event","830.027.904-1","Fitoplancton del Crucero Oceanográfico Cuenca Pacífica Colombiana LXIII / XXVI Crucero Regional Conjunto CPPS","cecoldo.iden_09ef25db-2917-44ae-b3eb-d2266f0fad3e","es","Dirección General Marítima (DIMAR)","https://cecoldo.dimar.mil.co/geonetwork/srv/spa/catalog.search#/metadata/09ef25db-2917-44ae-b3eb-d2266f0fad3e","http://marineregions.org/mrgid/21972","América | Sudamérica | Colombia | Región del Pacífico","América del Sur","Océano Pacífico","Colombia","CO","Cuenca Pacífica Colombiana","0",100,5,-81,"WGS84","Laura Carolina Ortiz Mieles "
"CCCP:ERFEN:2023","CCCP:ERFEN:2023:SP-23-0661","Botella Niskin","1 L","L","113 muestras de un litro",2023-11-13,"2023","11","13","Dirección General Marítima (DIMAR)","14:09:00","Zona Pelágica","SP-23-0661","Event","830.027.904-1","Fitoplancton del Crucero Oceanográfico Cuenca Pacífica Colombiana LXIII / XXVI Crucero Regional Conjunto CPPS","cecoldo.iden_09ef25db-2917-44ae-b3eb-d2266f0fad3e","es","Dirección General Marítima (DIMAR)","https://cecoldo.dimar.mil.co/geonetwork/srv/spa/catalog.search#/metadata/09ef25db-2917-44ae-b3eb-d2266f0fad3e","http://marineregions.org/mrgid/21972","América | Sudamérica | Colombia | Región del Pacífico","América del Sur","Océano Pacífico","Colombia","CO","Cuenca Pacífica Colombiana","0",50,5,-81,"WGS84","Laura Carolina Ortiz Mieles "
"CCCP:ERFEN:2023","CCCP:ERFEN:2023:SP-23-0663","Botella Niskin","1 L","L","113 muestras de un litro",2023-11-13,"2023","11","13","Dirección General Marítima (DIMAR)","14:09:00","Zona Pelágica","SP-23-0663","Event","830.027.904-1","Fitoplancton del Crucero Oceanográfico Cuenca Pacífica Colombiana LXIII / XXVI Crucero Regional Conjunto CPPS","cecoldo.iden_09ef25db-2917-44ae-b3eb-d2266f0fad3e","es","Dirección General Marítima (DIMAR)","https://cecoldo.dimar.mil.co/geonetwork/srv/spa/catalog.search#/metadata/09ef25db-2917-44ae-b3eb-d2266f0fad3e","http://marineregions.org/mrgid/21972","América | Sudamérica | Colombia | Región del Pacífico","América del Sur","Océano Pacífico","Colombia","CO","Cuenca Pacífica Colombiana","0",20,5,-81,"WGS84","Laura Carolina Ortiz Mieles "
"CCCP:ERFEN:2023","CCCP:ERFEN:2023:SP-23-0664","Botella Niskin","1 L","L","113 muestras de un litro",2023-11-13,"2023","11","13","Dirección General Marítima (DIMAR)","14:09:00","Zona Pelágica","SP-23-0664","Event","830.027.904-1","Fitoplancton del Crucero Oceanográfico Cuenca Pacífica Colombiana LXIII / XXVI Crucero Regional Conjunto CPPS","cecoldo.iden_09ef25db-2917-44ae-b3eb-d2266f0fad3e","es","Dirección General Marítima (DIMAR)","https://cecoldo.dimar.mil.co/geonetwork/srv/spa/catalog.search#/metadata/09ef25db-2917-44ae-b3eb-d2266f0fad3e","http://marineregions.org/mrgid/21972","América | Sudamérica | Colombia | Región del Pacífico","América del Sur","Océano Pacífico","Colombia","CO","Cuenca Pacífica Colombiana","0",0,5,-81,"WGS84","Laura Carolina Ortiz Mieles "
"CCCP:ERFEN:2023","CCCP:ERFEN:2023:SP-23-0669","Botella Niskin","1 L","L","113 muestras de un litro",2023-11-13,"2023","11","13","Dirección General Marítima (DIMAR)","22:40:00","Zona Pelágica","SP-23-0669","Event","830.027.904-1","Fitoplancton del Crucero Oceanográfico Cuenca Pacífica Colombiana LXIII / XXVI Crucero Regional Conjunto CPPS","cecoldo.iden_09ef25db-2917-44ae-b3eb-d2266f0fad3e","es","Dirección General Marítima (DIMAR)","https://cecoldo.dimar.mil.co/geonetwork/srv/spa/catalog.search#/metadata/09ef25db-2917-44ae-b3eb-d2266f0fad3e","http://marineregions.org/mrgid/21972","América | Sudamérica | Colombia | Región del Pacífico","América del Sur","Océano Pacífico","Colombia","CO","Cuenca Pacífica Colombiana","0",100,5,-80,"WGS84","Laura Carolina Ortiz Mieles "
"CCCP:ERFEN:2023","CCCP:ERFEN:2023:SP-23-0671","Botella Niskin","1 L","L","113 muestras de un litro",2023-11-13,"2023","11","13","Dirección General Marítima (DIMAR)","22:40:00","Zona Pelágica","SP-23-0671","Event","830.027.904-1","Fitoplancton del Crucero Oceanográfico Cuenca Pacífica Colombiana LXIII / XXVI Crucero Regional Conjunto CPPS","cecoldo.iden_09ef25db-2917-44ae-b3eb-d2266f0fad3e","es","Dirección General Marítima (DIMAR)","https://cecoldo.dimar.mil.co/geonetwork/srv/spa/catalog.search#/metadata/09ef25db-2917-44ae-b3eb-d2266f0fad3e","http://marineregions.org/mrgid/21972","América | Sudamérica | Colombia | Región del Pacífico","América del Sur","Océano Pacífico","Colombia","CO","Cuenca Pacífica Colombiana","0",50,5,-80,"WGS84","Laura Carolina Ortiz Mieles "
"CCCP:ERFEN:2023","CCCP:ERFEN:2023:SP-23-0673","Botella Niskin","1 L","L","113 muestras de un litro",2023-11-13,"2023","11","13","Dirección General Marítima (DIMAR)","22:40:00","Zona Pelágica","SP-23-0673","Event","830.027.904-1","Fitoplancton del Crucero Oceanográfico Cuenca Pacífica Colombiana LXIII / XXVI Crucero Regional Conjunto CPPS","cecoldo.iden_09ef25db-2917-44ae-b3eb-d2266f0fad3e","es","Dirección General Marítima (DIMAR)","https://cecoldo.dimar.mil.co/geonetwork/srv/spa/catalog.search#/metadata/09ef25db-2917-44ae-b3eb-d2266f0fad3e","http://marineregions.org/mrgid/21972","América | Sudamérica | Colombia | Región del Pacífico","América del Sur","Océano Pacífico","Colombia","CO","Cuenca Pacífica Colombiana","0",20,5,-80,"WGS84","Laura Carolina Ortiz Mieles "
"CCCP:ERFEN:2023","CCCP:ERFEN:2023:SP-23-0674","Botella Niskin","1 L","L","113 muestras de un litro",2023-11-13,"2023","11","13","Dirección General Marítima (DIMAR)","22:40:00","Zona Pelágica","SP-23-0674","Event","830.027.904-1","Fitoplancton del Crucero Oceanográfico Cuenca Pacífica Colombiana LXIII / XXVI Crucero Regional Conjunto CPPS","cecoldo.iden_09ef25db-2917-44ae-b3eb-d2266f0fad3e","es","Dirección General Marítima (DIMAR)","https://cecoldo.dimar.mil.co/geonetwork/srv/spa/catalog.search#/metadata/09ef25db-2917-44ae-b3eb-d2266f0fad3e","http://marineregions.org/mrgid/21972","América | Sudamérica | Colombia | Región del Pacífico","América del Sur","Océano Pacífico","Colombia","CO","Cuenca Pacífica Colombiana","0",0,5,-80,"WGS84","Laura Carolina Ortiz Mieles "
"CCCP:ERFEN:2023","CCCP:ERFEN:2023:SP-23-0679","Botella Niskin","1 L","L","113 muestras de un litro",2023-11-14,"2023","11","14","Dirección General Marítima (DIMAR)","11:18:00","Zona Pelágica","SP-23-0679","Event","830.027.904-1","Fitoplancton del Crucero Oceanográfico Cuenca Pacífica Colombiana LXIII / XXVI Crucero Regional Conjunto CPPS","cecoldo.iden_09ef25db-2917-44ae-b3eb-d2266f0fad3e","es","Dirección General Marítima (DIMAR)","https://cecoldo.dimar.mil.co/geonetwork/srv/spa/catalog.search#/metadata/09ef25db-2917-44ae-b3eb-d2266f0fad3e","http://marineregions.org/mrgid/21972","América | Sudamérica | Colombia | Región del Pacífico","América del Sur","Océano Pacífico","Colombia","CO","Cuenca Pacífica Colombiana","0",100,4,-79,"WGS84","Laura Carolina Ortiz Mieles "
"CCCP:ERFEN:2023","CCCP:ERFEN:2023:SP-23-0681","Botella Niskin","1 L","L","113 muestras de un litro",2023-11-14,"2023","11","14","Dirección General Marítima (DIMAR)","11:18:00","Zona Pelágica","SP-23-0681","Event","830.027.904-1","Fitoplancton del Crucero Oceanográfico Cuenca Pacífica Colombiana LXIII / XXVI Crucero Regional Conjunto CPPS","cecoldo.iden_09ef25db-2917-44ae-b3eb-d2266f0fad3e","es","Dirección General Marítima (DIMAR)","https://cecoldo.dimar.mil.co/geonetwork/srv/spa/catalog.search#/metadata/09ef25db-2917-44ae-b3eb-d2266f0fad3e","http://marineregions.org/mrgid/21972","América | Sudamérica | Colombia | Región del Pacífico","América del Sur","Océano Pacífico","Colombia","CO","Cuenca Pacífica Colombiana","0",50,4,-79,"WGS84","Laura Carolina Ortiz Mieles "
"CCCP:ERFEN:2023","CCCP:ERFEN:2023:SP-23-0683","Botella Niskin","1 L","L","113 muestras de un litro",2023-11-14,"2023","11","14","Dirección General Marítima (DIMAR)","11:18:00","Zona Pelágica","SP-23-0683","Event","830.027.904-1","Fitoplancton del Crucero Oceanográfico Cuenca Pacífica Colombiana LXIII / XXVI Crucero Regional Conjunto CPPS","cecoldo.iden_09ef25db-2917-44ae-b3eb-d2266f0fad3e","es","Dirección General Marítima (DIMAR)","https://cecoldo.dimar.mil.co/geonetwork/srv/spa/catalog.search#/metadata/09ef25db-2917-44ae-b3eb-d2266f0fad3e","http://marineregions.org/mrgid/21972","América | Sudamérica | Colombia | Región del Pacífico","América del Sur","Océano Pacífico","Colombia","CO","Cuenca Pacífica Colombiana","0",20,4,-79,"WGS84","Laura Carolina Ortiz Mieles "
"CCCP:ERFEN:2023","CCCP:ERFEN:2023:SP-23-0684","Botella Niskin","1 L","L","113 muestras de un litro",2023-11-14,"2023","11","14","Dirección General Marítima (DIMAR)","11:18:00","Zona Pelágica","SP-23-0684","Event","830.027.904-1","Fitoplancton del Crucero Oceanográfico Cuenca Pacífica Colombiana LXIII / XXVI Crucero Regional Conjunto CPPS","cecoldo.iden_09ef25db-2917-44ae-b3eb-d2266f0fad3e","es","Dirección General Marítima (DIMAR)","https://cecoldo.dimar.mil.co/geonetwork/srv/spa/catalog.search#/metadata/09ef25db-2917-44ae-b3eb-d2266f0fad3e","http://marineregions.org/mrgid/21972","América | Sudamérica | Colombia | Región del Pacífico","América del Sur","Océano Pacífico","Colombia","CO","Cuenca Pacífica Colombiana","0",0,4,-79,"WGS84","Laura Carolina Ortiz Mieles "
"CCCP:ERFEN:2023","CCCP:ERFEN:2023:SP-23-0689","Botella Niskin","1 L","L","113 muestras de un litro",2023-11-15,"2023","11","15","Dirección General Marítima (DIMAR)","00:52:00","Zona Pelágica","SP-23-0689","Event","830.027.904-1","Fitoplancton del Crucero Oceanográfico Cuenca Pacífica Colombiana LXIII / XXVI Crucero Regional Conjunto CPPS","cecoldo.iden_09ef25db-2917-44ae-b3eb-d2266f0fad3e","es","Dirección General Marítima (DIMAR)","https://cecoldo.dimar.mil.co/geonetwork/srv/spa/catalog.search#/metadata/09ef25db-2917-44ae-b3eb-d2266f0fad3e","http://marineregions.org/mrgid/21972","América | Sudamérica | Colombia | Región del Pacífico","América del Sur","Océano Pacífico","Colombia","CO","Cuenca Pacífica Colombiana","0",100,5,-79,"WGS84","Laura Carolina Ortiz Mieles "
"CCCP:ERFEN:2023","CCCP:ERFEN:2023:SP-23-0691","Botella Niskin","1 L","L","113 muestras de un litro",2023-11-15,"2023","11","15","Dirección General Marítima (DIMAR)","00:52:00","Zona Pelágica","SP-23-0691","Event","830.027.904-1","Fitoplancton del Crucero Oceanográfico Cuenca Pacífica Colombiana LXIII / XXVI Crucero Regional Conjunto CPPS","cecoldo.iden_09ef25db-2917-44ae-b3eb-d2266f0fad3e","es","Dirección General Marítima (DIMAR)","https://cecoldo.dimar.mil.co/geonetwork/srv/spa/catalog.search#/metadata/09ef25db-2917-44ae-b3eb-d2266f0fad3e","http://marineregions.org/mrgid/21972","América | Sudamérica | Colombia | Región del Pacífico","América del Sur","Océano Pacífico","Colombia","CO","Cuenca Pacífica Colombiana","0",50,5,-79,"WGS84","Laura Carolina Ortiz Mieles "
"CCCP:ERFEN:2023","CCCP:ERFEN:2023:SP-23-0693","Botella Niskin","1 L","L","113 muestras de un litro",2023-11-15,"2023","11","15","Dirección General Marítima (DIMAR)","00:52:00","Zona Pelágica","SP-23-0693","Event","830.027.904-1","Fitoplancton del Crucero Oceanográfico Cuenca Pacífica Colombiana LXIII / XXVI Crucero Regional Conjunto CPPS","cecoldo.iden_09ef25db-2917-44ae-b3eb-d2266f0fad3e","es","Dirección General Marítima (DIMAR)","https://cecoldo.dimar.mil.co/geonetwork/srv/spa/catalog.search#/metadata/09ef25db-2917-44ae-b3eb-d2266f0fad3e","http://marineregions.org/mrgid/21972","América | Sudamérica | Colombia | Región del Pacífico","América del Sur","Océano Pacífico","Colombia","CO","Cuenca Pacífica Colombiana","0",20,5,-79,"WGS84","Laura Carolina Ortiz Mieles "
"CCCP:ERFEN:2023","CCCP:ERFEN:2023:SP-23-0694","Botella Niskin","1 L","L","113 muestras de un litro",2023-11-15,"2023","11","15","Dirección General Marítima (DIMAR)","00:52:00","Zona Pelágica","SP-23-0694","Event","830.027.904-1","Fitoplancton del Crucero Oceanográfico Cuenca Pacífica Colombiana LXIII / XXVI Crucero Regional Conjunto CPPS","cecoldo.iden_09ef25db-2917-44ae-b3eb-d2266f0fad3e","es","Dirección General Marítima (DIMAR)","https://cecoldo.dimar.mil.co/geonetwork/srv/spa/catalog.search#/metadata/09ef25db-2917-44ae-b3eb-d2266f0fad3e","http://marineregions.org/mrgid/21972","América | Sudamérica | Colombia | Región del Pacífico","América del Sur","Océano Pacífico","Colombia","CO","Cuenca Pacífica Colombiana","0",0,5,-79,"WGS84","Laura Carolina Ortiz Mieles "
"CCCP:ERFEN:2023","CCCP:ERFEN:2023:SP-23-0699","Botella Niskin","1 L","L","113 muestras de un litro",2023-11-15,"2023","11","15","Dirección General Marítima (DIMAR)","14:24:00","Zona Pelágica","SP-23-0699","Event","830.027.904-1","Fitoplancton del Crucero Oceanográfico Cuenca Pacífica Colombiana LXIII / XXVI Crucero Regional Conjunto CPPS","cecoldo.iden_09ef25db-2917-44ae-b3eb-d2266f0fad3e","es","Dirección General Marítima (DIMAR)","https://cecoldo.dimar.mil.co/geonetwork/srv/spa/catalog.search#/metadata/09ef25db-2917-44ae-b3eb-d2266f0fad3e","http://marineregions.org/mrgid/21972","América | Sudamérica | Colombia | Región del Pacífico","América del Sur","Océano Pacífico","Colombia","CO","Cuenca Pacífica Colombiana","0",100,6,-79,"WGS84","Laura Carolina Ortiz Mieles "
"CCCP:ERFEN:2023","CCCP:ERFEN:2023:SP-23-0701","Botella Niskin","1 L","L","113 muestras de un litro",2023-11-15,"2023","11","15","Dirección General Marítima (DIMAR)","14:24:00","Zona Pelágica","SP-23-0701","Event","830.027.904-1","Fitoplancton del Crucero Oceanográfico Cuenca Pacífica Colombiana LXIII / XXVI Crucero Regional Conjunto CPPS","cecoldo.iden_09ef25db-2917-44ae-b3eb-d2266f0fad3e","es","Dirección General Marítima (DIMAR)","https://cecoldo.dimar.mil.co/geonetwork/srv/spa/catalog.search#/metadata/09ef25db-2917-44ae-b3eb-d2266f0fad3e","http://marineregions.org/mrgid/21972","América | Sudamérica | Colombia | Región del Pacífico","América del Sur","Océano Pacífico","Colombia","CO","Cuenca Pacífica Colombiana","0",50,6,-79,"WGS84","Laura Carolina Ortiz Mieles "
"CCCP:ERFEN:2023","CCCP:ERFEN:2023:SP-23-0703","Botella Niskin","1 L","L","113 muestras de un litro",2023-11-15,"2023","11","15","Dirección General Marítima (DIMAR)","14:24:00","Zona Pelágica","SP-23-0703","Event","830.027.904-1","Fitoplancton del Crucero Oceanográfico Cuenca Pacífica Colombiana LXIII / XXVI Crucero Regional Conjunto CPPS","cecoldo.iden_09ef25db-2917-44ae-b3eb-d2266f0fad3e","es","Dirección General Marítima (DIMAR)","https://cecoldo.dimar.mil.co/geonetwork/srv/spa/catalog.search#/metadata/09ef25db-2917-44ae-b3eb-d2266f0fad3e","http://marineregions.org/mrgid/21972","América | Sudamérica | Colombia | Región del Pacífico","América del Sur","Océano Pacífico","Colombia","CO","Cuenca Pacífica Colombiana","0",20,6,-79,"WGS84","Laura Carolina Ortiz Mieles "
"CCCP:ERFEN:2023","CCCP:ERFEN:2023:SP-23-0704","Botella Niskin","1 L","L","113 muestras de un litro",2023-11-15,"2023","11","15","Dirección General Marítima (DIMAR)","14:24:00","Zona Pelágica","SP-23-0704","Event","830.027.904-1","Fitoplancton del Crucero Oceanográfico Cuenca Pacífica Colombiana LXIII / XXVI Crucero Regional Conjunto CPPS","cecoldo.iden_09ef25db-2917-44ae-b3eb-d2266f0fad3e","es","Dirección General Marítima (DIMAR)","https://cecoldo.dimar.mil.co/geonetwork/srv/spa/catalog.search#/metadata/09ef25db-2917-44ae-b3eb-d2266f0fad3e","http://marineregions.org/mrgid/21972","América | Sudamérica | Colombia | Región del Pacífico","América del Sur","Océano Pacífico","Colombia","CO","Cuenca Pacífica Colombiana","0",0,6,-79,"WGS84","Laura Carolina Ortiz Mieles "
"CCCP:ERFEN:2023","CCCP:ERFEN:2023:SP-23-0709","Botella Niskin","1 L","L","113 muestras de un litro",2023-11-16,"2023","11","16","Dirección General Marítima (DIMAR)","06:44:00","Zona Pelágica","SP-23-0709","Event","830.027.904-1","Fitoplancton del Crucero Oceanográfico Cuenca Pacífica Colombiana LXIII / XXVI Crucero Regional Conjunto CPPS","cecoldo.iden_09ef25db-2917-44ae-b3eb-d2266f0fad3e","es","Dirección General Marítima (DIMAR)","https://cecoldo.dimar.mil.co/geonetwork/srv/spa/catalog.search#/metadata/09ef25db-2917-44ae-b3eb-d2266f0fad3e","http://marineregions.org/mrgid/21972","América | Sudamérica | Colombia | Región del Pacífico","América del Sur","Océano Pacífico","Colombia","CO","Cuenca Pacífica Colombiana","0",50,6.5,-77.5,"WGS84","Laura Carolina Ortiz Mieles "
"CCCP:ERFEN:2023","CCCP:ERFEN:2023:SP-23-0711","Botella Niskin","1 L","L","113 muestras de un litro",2023-11-16,"2023","11","16","Dirección General Marítima (DIMAR)","06:44:00","Zona Pelágica","SP-23-0711","Event","830.027.904-1","Fitoplancton del Crucero Oceanográfico Cuenca Pacífica Colombiana LXIII / XXVI Crucero Regional Conjunto CPPS","cecoldo.iden_09ef25db-2917-44ae-b3eb-d2266f0fad3e","es","Dirección General Marítima (DIMAR)","https://cecoldo.dimar.mil.co/geonetwork/srv/spa/catalog.search#/metadata/09ef25db-2917-44ae-b3eb-d2266f0fad3e","http://marineregions.org/mrgid/21972","América | Sudamérica | Colombia | Región del Pacífico","América del Sur","Océano Pacífico","Colombia","CO","Cuenca Pacífica Colombiana","0",20,6.5,-77.5,"WGS84","Laura Carolina Ortiz Mieles "
"CCCP:ERFEN:2023","CCCP:ERFEN:2023:SP-23-0712","Botella Niskin","1 L","L","113 muestras de un litro",2023-11-16,"2023","11","16","Dirección General Marítima (DIMAR)","06:44:00","Zona Pelágica","SP-23-0712","Event","830.027.904-1","Fitoplancton del Crucero Oceanográfico Cuenca Pacífica Colombiana LXIII / XXVI Crucero Regional Conjunto CPPS","cecoldo.iden_09ef25db-2917-44ae-b3eb-d2266f0fad3e","es","Dirección General Marítima (DIMAR)","https://cecoldo.dimar.mil.co/geonetwork/srv/spa/catalog.search#/metadata/09ef25db-2917-44ae-b3eb-d2266f0fad3e","http://marineregions.org/mrgid/21972","América | Sudamérica | Colombia | Región del Pacífico","América del Sur","Océano Pacífico","Colombia","CO","Cuenca Pacífica Colombiana","0",0,6.5,-77.5,"WGS84","Laura Carolina Ortiz Mieles "
"CCCP:ERFEN:2023","CCCP:ERFEN:2023:SP-23-0717","Botella Niskin","1 L","L","113 muestras de un litro",2023-11-16,"2023","11","16","Dirección General Marítima (DIMAR)","14:00:00","Zona Pelágica","SP-23-0717","Event","830.027.904-1","Fitoplancton del Crucero Oceanográfico Cuenca Pacífica Colombiana LXIII / XXVI Crucero Regional Conjunto CPPS","cecoldo.iden_09ef25db-2917-44ae-b3eb-d2266f0fad3e","es","Dirección General Marítima (DIMAR)","https://cecoldo.dimar.mil.co/geonetwork/srv/spa/catalog.search#/metadata/09ef25db-2917-44ae-b3eb-d2266f0fad3e","http://marineregions.org/mrgid/21972","América | Sudamérica | Colombia | Región del Pacífico","América del Sur","Océano Pacífico","Colombia","CO","Cuenca Pacífica Colombiana","0",100,6,-78,"WGS84","Laura Carolina Ortiz Mieles "
"CCCP:ERFEN:2023","CCCP:ERFEN:2023:SP-23-0719","Botella Niskin","1 L","L","113 muestras de un litro",2023-11-16,"2023","11","16","Dirección General Marítima (DIMAR)","14:00:00","Zona Pelágica","SP-23-0719","Event","830.027.904-1","Fitoplancton del Crucero Oceanográfico Cuenca Pacífica Colombiana LXIII / XXVI Crucero Regional Conjunto CPPS","cecoldo.iden_09ef25db-2917-44ae-b3eb-d2266f0fad3e","es","Dirección General Marítima (DIMAR)","https://cecoldo.dimar.mil.co/geonetwork/srv/spa/catalog.search#/metadata/09ef25db-2917-44ae-b3eb-d2266f0fad3e","http://marineregions.org/mrgid/21972","América | Sudamérica | Colombia | Región del Pacífico","América del Sur","Océano Pacífico","Colombia","CO","Cuenca Pacífica Colombiana","0",50,6,-78,"WGS84","Laura Carolina Ortiz Mieles "
"CCCP:ERFEN:2023","CCCP:ERFEN:2023:SP-23-0721","Botella Niskin","1 L","L","113 muestras de un litro",2023-11-16,"2023","11","16","Dirección General Marítima (DIMAR)","14:00:00","Zona Pelágica","SP-23-0721","Event","830.027.904-1","Fitoplancton del Crucero Oceanográfico Cuenca Pacífica Colombiana LXIII / XXVI Crucero Regional Conjunto CPPS","cecoldo.iden_09ef25db-2917-44ae-b3eb-d2266f0fad3e","es","Dirección General Marítima (DIMAR)","https://cecoldo.dimar.mil.co/geonetwork/srv/spa/catalog.search#/metadata/09ef25db-2917-44ae-b3eb-d2266f0fad3e","http://marineregions.org/mrgid/21972","América | Sudamérica | Colombia | Región del Pacífico","América del Sur","Océano Pacífico","Colombia","CO","Cuenca Pacífica Colombiana","0",20,6,-78,"WGS84","Laura Carolina Ortiz Mieles "
"CCCP:ERFEN:2023","CCCP:ERFEN:2023:SP-23-0722","Botella Niskin","1 L","L","113 muestras de un litro",2023-11-16,"2023","11","16","Dirección General Marítima (DIMAR)","14:00:00","Zona Pelágica","SP-23-0722","Event","830.027.904-1","Fitoplancton del Crucero Oceanográfico Cuenca Pacífica Colombiana LXIII / XXVI Crucero Regional Conjunto CPPS","cecoldo.iden_09ef25db-2917-44ae-b3eb-d2266f0fad3e","es","Dirección General Marítima (DIMAR)","https://cecoldo.dimar.mil.co/geonetwork/srv/spa/catalog.search#/metadata/09ef25db-2917-44ae-b3eb-d2266f0fad3e","http://marineregions.org/mrgid/21972","América | Sudamérica | Colombia | Región del Pacífico","América del Sur","Océano Pacífico","Colombia","CO","Cuenca Pacífica Colombiana","0",0,6,-78,"WGS84","Laura Carolina Ortiz Mieles "
"CCCP:ERFEN:2023","CCCP:ERFEN:2023:SP-23-0727","Botella Niskin","1 L","L","113 muestras de un litro",2023-11-16,"2023","11","16","Dirección General Marítima (DIMAR)","21:12:00","Zona Pelágica","SP-23-0727","Event","830.027.904-1","Fitoplancton del Crucero Oceanográfico Cuenca Pacífica Colombiana LXIII / XXVI Crucero Regional Conjunto CPPS","cecoldo.iden_09ef25db-2917-44ae-b3eb-d2266f0fad3e","es","Dirección General Marítima (DIMAR)","https://cecoldo.dimar.mil.co/geonetwork/srv/spa/catalog.search#/metadata/09ef25db-2917-44ae-b3eb-d2266f0fad3e","http://marineregions.org/mrgid/21972","América | Sudamérica | Colombia | Región del Pacífico","América del Sur","Océano Pacífico","Colombia","CO","Cuenca Pacífica Colombiana","0",50,5.5,-77.5,"WGS84","Laura Carolina Ortiz Mieles "
"CCCP:ERFEN:2023","CCCP:ERFEN:2023:SP-23-0725","Botella Niskin","1 L","L","113 muestras de un litro",2023-11-16,"2023","11","16","Dirección General Marítima (DIMAR)","21:12:00","Zona Pelágica","SP-23-0725","Event","830.027.904-1","Fitoplancton del Crucero Oceanográfico Cuenca Pacífica Colombiana LXIII / XXVI Crucero Regional Conjunto CPPS","cecoldo.iden_09ef25db-2917-44ae-b3eb-d2266f0fad3e","es","Dirección General Marítima (DIMAR)","https://cecoldo.dimar.mil.co/geonetwork/srv/spa/catalog.search#/metadata/09ef25db-2917-44ae-b3eb-d2266f0fad3e","http://marineregions.org/mrgid/21972","América | Sudamérica | Colombia | Región del Pacífico","América del Sur","Océano Pacífico","Colombia","CO","Cuenca Pacífica Colombiana","0",0,5.5,-77.5,"WGS84","Laura Carolina Ortiz Mieles "
"CCCP:ERFEN:2023","CCCP:ERFEN:2023:SP-23-0733","Botella Niskin","1 L","L","113 muestras de un litro",2023-11-17,"2023","11","17","Dirección General Marítima (DIMAR)","04:53:00","Zona Pelágica","SP-23-0733","Event","830.027.904-1","Fitoplancton del Crucero Oceanográfico Cuenca Pacífica Colombiana LXIII / XXVI Crucero Regional Conjunto CPPS","cecoldo.iden_09ef25db-2917-44ae-b3eb-d2266f0fad3e","es","Dirección General Marítima (DIMAR)","https://cecoldo.dimar.mil.co/geonetwork/srv/spa/catalog.search#/metadata/09ef25db-2917-44ae-b3eb-d2266f0fad3e","http://marineregions.org/mrgid/21972","América | Sudamérica | Colombia | Región del Pacífico","América del Sur","Océano Pacífico","Colombia","CO","Cuenca Pacífica Colombiana","0",100,5,-78,"WGS84","Laura Carolina Ortiz Mieles "
"CCCP:ERFEN:2023","CCCP:ERFEN:2023:SP-23-0735","Botella Niskin","1 L","L","113 muestras de un litro",2023-11-17,"2023","11","17","Dirección General Marítima (DIMAR)","04:53:00","Zona Pelágica","SP-23-0735","Event","830.027.904-1","Fitoplancton del Crucero Oceanográfico Cuenca Pacífica Colombiana LXIII / XXVI Crucero Regional Conjunto CPPS","cecoldo.iden_09ef25db-2917-44ae-b3eb-d2266f0fad3e","es","Dirección General Marítima (DIMAR)","https://cecoldo.dimar.mil.co/geonetwork/srv/spa/catalog.search#/metadata/09ef25db-2917-44ae-b3eb-d2266f0fad3e","http://marineregions.org/mrgid/21972","América | Sudamérica | Colombia | Región del Pacífico","América del Sur","Océano Pacífico","Colombia","CO","Cuenca Pacífica Colombiana","0",50,5,-78,"WGS84","Laura Carolina Ortiz Mieles "
"CCCP:ERFEN:2023","CCCP:ERFEN:2023:SP-23-0737","Botella Niskin","1 L","L","113 muestras de un litro",2023-11-17,"2023","11","17","Dirección General Marítima (DIMAR)","04:53:00","Zona Pelágica","SP-23-0737","Event","830.027.904-1","Fitoplancton del Crucero Oceanográfico Cuenca Pacífica Colombiana LXIII / XXVI Crucero Regional Conjunto CPPS","cecoldo.iden_09ef25db-2917-44ae-b3eb-d2266f0fad3e","es","Dirección General Marítima (DIMAR)","https://cecoldo.dimar.mil.co/geonetwork/srv/spa/catalog.search#/metadata/09ef25db-2917-44ae-b3eb-d2266f0fad3e","http://marineregions.org/mrgid/21972","América | Sudamérica | Colombia | Región del Pacífico","América del Sur","Océano Pacífico","Colombia","CO","Cuenca Pacífica Colombiana","0",20,5,-78,"WGS84","Laura Carolina Ortiz Mieles "
"CCCP:ERFEN:2023","CCCP:ERFEN:2023:SP-23-0738","Botella Niskin","1 L","L","113 muestras de un litro",2023-11-17,"2023","11","17","Dirección General Marítima (DIMAR)","04:53:00","Zona Pelágica","SP-23-0738","Event","830.027.904-1","Fitoplancton del Crucero Oceanográfico Cuenca Pacífica Colombiana LXIII / XXVI Crucero Regional Conjunto CPPS","cecoldo.iden_09ef25db-2917-44ae-b3eb-d2266f0fad3e","es","Dirección General Marítima (DIMAR)","https://cecoldo.dimar.mil.co/geonetwork/srv/spa/catalog.search#/metadata/09ef25db-2917-44ae-b3eb-d2266f0fad3e","http://marineregions.org/mrgid/21972","América | Sudamérica | Colombia | Región del Pacífico","América del Sur","Océano Pacífico","Colombia","CO","Cuenca Pacífica Colombiana","0",0,5,-78,"WGS84","Laura Carolina Ortiz Mieles "
"CCCP:ERFEN:2023","CCCP:ERFEN:2023:SP-23-0743","Botella Niskin","1 L","L","113 muestras de un litro",2023-11-17,"2023","11","17","Dirección General Marítima (DIMAR)","18:53:00","Zona Pelágica","SP-23-0743","Event","830.027.904-1","Fitoplancton del Crucero Oceanográfico Cuenca Pacífica Colombiana LXIII / XXVI Crucero Regional Conjunto CPPS","cecoldo.iden_09ef25db-2917-44ae-b3eb-d2266f0fad3e","es","Dirección General Marítima (DIMAR)","https://cecoldo.dimar.mil.co/geonetwork/srv/spa/catalog.search#/metadata/09ef25db-2917-44ae-b3eb-d2266f0fad3e","http://marineregions.org/mrgid/21972","América | Sudamérica | Colombia | Región del Pacífico","América del Sur","Océano Pacífico","Colombia","CO","Cuenca Pacífica Colombiana","0",100,4.5,-77.5,"WGS84","Laura Carolina Ortiz Mieles "
"CCCP:ERFEN:2023","CCCP:ERFEN:2023:SP-23-0745","Botella Niskin","1 L","L","113 muestras de un litro",2023-11-17,"2023","11","17","Dirección General Marítima (DIMAR)","18:53:00","Zona Pelágica","SP-23-0745","Event","830.027.904-1","Fitoplancton del Crucero Oceanográfico Cuenca Pacífica Colombiana LXIII / XXVI Crucero Regional Conjunto CPPS","cecoldo.iden_09ef25db-2917-44ae-b3eb-d2266f0fad3e","es","Dirección General Marítima (DIMAR)","https://cecoldo.dimar.mil.co/geonetwork/srv/spa/catalog.search#/metadata/09ef25db-2917-44ae-b3eb-d2266f0fad3e","http://marineregions.org/mrgid/21972","América | Sudamérica | Colombia | Región del Pacífico","América del Sur","Océano Pacífico","Colombia","CO","Cuenca Pacífica Colombiana","0",50,4.5,-77.5,"WGS84","Laura Carolina Ortiz Mieles "
"CCCP:ERFEN:2023","CCCP:ERFEN:2023:SP-23-0747","Botella Niskin","1 L","L","113 muestras de un litro",2023-11-17,"2023","11","17","Dirección General Marítima (DIMAR)","18:53:00","Zona Pelágica","SP-23-0747","Event","830.027.904-1","Fitoplancton del Crucero Oceanográfico Cuenca Pacífica Colombiana LXIII / XXVI Crucero Regional Conjunto CPPS","cecoldo.iden_09ef25db-2917-44ae-b3eb-d2266f0fad3e","es","Dirección General Marítima (DIMAR)","https://cecoldo.dimar.mil.co/geonetwork/srv/spa/catalog.search#/metadata/09ef25db-2917-44ae-b3eb-d2266f0fad3e","http://marineregions.org/mrgid/21972","América | Sudamérica | Colombia | Región del Pacífico","América del Sur","Océano Pacífico","Colombia","CO","Cuenca Pacífica Colombiana","0",20,4.5,-77.5,"WGS84","Laura Carolina Ortiz Mieles "
"CCCP:ERFEN:2023","CCCP:ERFEN:2023:SP-23-0748","Botella Niskin","1 L","L","113 muestras de un litro",2023-11-17,"2023","11","17","Dirección General Marítima (DIMAR)","18:53:00","Zona Pelágica","SP-23-0748","Event","830.027.904-1","Fitoplancton del Crucero Oceanográfico Cuenca Pacífica Colombiana LXIII / XXVI Crucero Regional Conjunto CPPS","cecoldo.iden_09ef25db-2917-44ae-b3eb-d2266f0fad3e","es","Dirección General Marítima (DIMAR)","https://cecoldo.dimar.mil.co/geonetwork/srv/spa/catalog.search#/metadata/09ef25db-2917-44ae-b3eb-d2266f0fad3e","http://marineregions.org/mrgid/21972","América | Sudamérica | Colombia | Región del Pacífico","América del Sur","Océano Pacífico","Colombia","CO","Cuenca Pacífica Colombiana","0",0,4.5,-77.5,"WGS84","Laura Carolina Ortiz Mieles "
"CCCP:ERFEN:2023","CCCP:ERFEN:2023:SP-23-0752","Botella Niskin","1 L","L","113 muestras de un litro",2023-11-18,"2023","11","18","Dirección General Marítima (DIMAR)","01:35:00","Zona Pelágica","SP-23-0752","Event","830.027.904-1","Fitoplancton del Crucero Oceanográfico Cuenca Pacífica Colombiana LXIII / XXVI Crucero Regional Conjunto CPPS","cecoldo.iden_09ef25db-2917-44ae-b3eb-d2266f0fad3e","es","Dirección General Marítima (DIMAR)","https://cecoldo.dimar.mil.co/geonetwork/srv/spa/catalog.search#/metadata/09ef25db-2917-44ae-b3eb-d2266f0fad3e","http://marineregions.org/mrgid/21972","América | Sudamérica | Colombia | Región del Pacífico","América del Sur","Océano Pacífico","Colombia","CO","Cuenca Pacífica Colombiana","0",20,3.5,-77.5,"WGS84","Laura Carolina Ortiz Mieles "
"CCCP:ERFEN:2023","CCCP:ERFEN:2023:SP-23-0753","Botella Niskin","1 L","L","113 muestras de un litro",2023-11-18,"2023","11","18","Dirección General Marítima (DIMAR)","01:35:00","Zona Pelágica","SP-23-0753","Event","830.027.904-1","Fitoplancton del Crucero Oceanográfico Cuenca Pacífica Colombiana LXIII / XXVI Crucero Regional Conjunto CPPS","cecoldo.iden_09ef25db-2917-44ae-b3eb-d2266f0fad3e","es","Dirección General Marítima (DIMAR)","https://cecoldo.dimar.mil.co/geonetwork/srv/spa/catalog.search#/metadata/09ef25db-2917-44ae-b3eb-d2266f0fad3e","http://marineregions.org/mrgid/21972","América | Sudamérica | Colombia | Región del Pacífico","América del Sur","Océano Pacífico","Colombia","CO","Cuenca Pacífica Colombiana","0",0,3.5,-77.5,"WGS84","Laura Carolina Ortiz Mieles "
"CCCP:ERFEN:2023","CCCP:ERFEN:2023:SP-23-0758","Botella Niskin","1 L","L","113 muestras de un litro",2023-11-18,"2023","11","18","Dirección General Marítima (DIMAR)","16:27:00","Zona Pelágica","SP-23-0758","Event","830.027.904-1","Fitoplancton del Crucero Oceanográfico Cuenca Pacífica Colombiana LXIII / XXVI Crucero Regional Conjunto CPPS","cecoldo.iden_09ef25db-2917-44ae-b3eb-d2266f0fad3e","es","Dirección General Marítima (DIMAR)","https://cecoldo.dimar.mil.co/geonetwork/srv/spa/catalog.search#/metadata/09ef25db-2917-44ae-b3eb-d2266f0fad3e","http://marineregions.org/mrgid/21972","América | Sudamérica | Colombia | Región del Pacífico","América del Sur","Océano Pacífico","Colombia","CO","Cuenca Pacífica Colombiana","0",100,3,-79,"WGS84","Laura Carolina Ortiz Mieles "
"CCCP:ERFEN:2023","CCCP:ERFEN:2023:SP-23-0760","Botella Niskin","1 L","L","113 muestras de un litro",2023-11-18,"2023","11","18","Dirección General Marítima (DIMAR)","16:27:00","Zona Pelágica","SP-23-0760","Event","830.027.904-1","Fitoplancton del Crucero Oceanográfico Cuenca Pacífica Colombiana LXIII / XXVI Crucero Regional Conjunto CPPS","cecoldo.iden_09ef25db-2917-44ae-b3eb-d2266f0fad3e","es","Dirección General Marítima (DIMAR)","https://cecoldo.dimar.mil.co/geonetwork/srv/spa/catalog.search#/metadata/09ef25db-2917-44ae-b3eb-d2266f0fad3e","http://marineregions.org/mrgid/21972","América | Sudamérica | Colombia | Región del Pacífico","América del Sur","Océano Pacífico","Colombia","CO","Cuenca Pacífica Colombiana","0",50,3,-79,"WGS84","Laura Carolina Ortiz Mieles "
"CCCP:ERFEN:2023","CCCP:ERFEN:2023:SP-23-0762","Botella Niskin","1 L","L","113 muestras de un litro",2023-11-18,"2023","11","18","Dirección General Marítima (DIMAR)","16:27:00","Zona Pelágica","SP-23-0762","Event","830.027.904-1","Fitoplancton del Crucero Oceanográfico Cuenca Pacífica Colombiana LXIII / XXVI Crucero Regional Conjunto CPPS","cecoldo.iden_09ef25db-2917-44ae-b3eb-d2266f0fad3e","es","Dirección General Marítima (DIMAR)","https://cecoldo.dimar.mil.co/geonetwork/srv/spa/catalog.search#/metadata/09ef25db-2917-44ae-b3eb-d2266f0fad3e","http://marineregions.org/mrgid/21972","América | Sudamérica | Colombia | Región del Pacífico","América del Sur","Océano Pacífico","Colombia","CO","Cuenca Pacífica Colombiana","0",20,3,-79,"WGS84","Laura Carolina Ortiz Mieles "
"CCCP:ERFEN:2023","CCCP:ERFEN:2023:SP-23-0763","Botella Niskin","1 L","L","113 muestras de un litro",2023-11-18,"2023","11","18","Dirección General Marítima (DIMAR)","16:27:00","Zona Pelágica","SP-23-0763","Event","830.027.904-1","Fitoplancton del Crucero Oceanográfico Cuenca Pacífica Colombiana LXIII / XXVI Crucero Regional Conjunto CPPS","cecoldo.iden_09ef25db-2917-44ae-b3eb-d2266f0fad3e","es","Dirección General Marítima (DIMAR)","https://cecoldo.dimar.mil.co/geonetwork/srv/spa/catalog.search#/metadata/09ef25db-2917-44ae-b3eb-d2266f0fad3e","http://marineregions.org/mrgid/21972","América | Sudamérica | Colombia | Región del Pacífico","América del Sur","Océano Pacífico","Colombia","CO","Cuenca Pacífica Colombiana","0",0,3,-79,"WGS84","Laura Carolina Ortiz Mieles "
